YNL031C	1.0
YDL184C	2.5
YDL133C-A	2.5
YIL148W	4.0
YHR021C	5.0
YNL030W	6.0
YBR010W	7.0
YKR094C	8.0
YBR009C	9.0
YBR118W	10.0
YFL039C	11.0
YEL027W	12.0
YDL083C	13.0
YJL190C	14.0
YCR039C	15.0
YFR031C-A	16.0
YGL189C	17.0
YKL156W	18.0
YIL018W	19.0
YPL143W	20.0
YMR143W	21.0
YLR367W	22.0
YJR145C	23.0
YJL191W	24.0
YBR109C	25.5
YEL026W	25.5
YGL030W	27.0
YOR210W	28.0
YBR048W	29.0
YPR132W	30.0
YBL087C	31.0
YLR264W	32.0
YOL121C	33.0
YJR123W	34.0
YML024W	35.5
YML026C	35.5
YDR225W	37.0
YDL075W	38.0
YDR450W	39.0
YDL192W	40.0
YHR010W	41.0
YER117W	42.0
YLR441C	43.0
YHR143W-A	44.0
YOR185C	45.0
YLR293C	46.0
YDR064W	47.0
YML063W	48.0
YNL162W	49.0
YHR203C	50.0
YDR224C	51.0
YDL137W	52.0
YHR141C	53.0
YDL007W	54.0
YLR388W	55.0
YOR133W	56.0
YPL220W	57.0
YOR117W	58.0
YGR085C	59.0
YPL086C	60.0
YNL209W	61.0
YDR418W	62.0
YPR102C	63.0
YNL178W	64.0
YOL120C	65.0
YLR167W	66.0
YOR369C	67.0
YGR034W	68.0
YHL015W	69.0
YNL244C	70.0
YLR406C	71.0
YOR167C	72.0
YCR031C	73.0
YOR234C	74.0
YPR016C	75.0
YDL047W	76.0
YDL229W	77.0
YLR180W	78.0
YER131W	79.0
YKL013C	80.0
YOL127W	81.0
YML085C	82.0
YKR057W	83.0
YPL079W	84.0
YBR189W	85.0
YER074W	86.0
YBL003C	87.0
YNL006W	88.0
YOR293W	89.0
YMR260C	90.0
YEL054C	91.0
YOR151C	92.0
YJR121W	93.0
YPR080W	94.0
YBR191W	95.0
YDR025W	96.0
YIL069C	97.0
YGL103W	98.0
YOR182C	99.0
YBL027W	100.0
YJL177W	101.0
YOR096W	102.0
YGL135W	103.0
YPL131W	104.0
YDL061C	105.0
YDL136W	106.0
YGR192C	107.0
YLR048W	108.0
YDL140C	109.0
YGL048C	110.0
YMR242C	111.0
YGL058W	112.0
YPL218W	113.0
YBL002W	114.0
YBL026W	115.0
YBR181C	116.0
YGL123W	117.0
YDR385W	118.0
YOR207C	119.0
YER102W	120.0
YBR196C	121.0
YPR165W	122.0
YNL302C	123.0
YBL078C	124.0
YNL096C	125.0
YBR143C	126.0
YPL235W	127.0
YDR012W	128.0
YPL081W	129.0
YER136W	130.0
YFR032C-A	131.0
YFR004W	132.0
YKR059W	133.0
YGL076C	134.0
YDR502C	135.0
YMR116C	136.0
YDR099W	137.0
YLL026W	138.0
YNL301C	139.0
YLL039C	140.0
YCR009C	141.0
YFL037W	142.0
YML001W	143.0
YPL090C	144.0
YHL011C	145.0
YDR059C	146.0
YMR217W	147.0
YBR084C-A	148.0
YNL330C	149.0
YGR118W	150.5
YML092C	150.5
YGR173W	152.0
YHR174W	153.0
YDL191W	154.0
YEL020W-A	155.0
YPL266W	156.0
YDL055C	157.0
YKL035W	158.0
YIL053W	159.0
YML124C	160.0
YER025W	161.0
YMR230W	162.0
YLR359W	163.0
YOR312C	164.0
YBR160W	165.0
YDL029W	166.0
YKL180W	167.0
YLR029C	168.0
YER062C	169.0
YGR027C	170.0
YLR287C-A	171.0
YDR404C	172.0
YBR088C	173.0
YER148W	174.0
YDR212W	175.0
YDL126C	176.0
YMR300C	177.0
YER177W	178.0
YIL052C	179.0
YMR186W	180.0
YKL001C	181.0
YJR045C	182.0
YBL072C	183.0
YIL142W	184.0
YLR058C	185.0
YGR214W	186.0
YBR127C	187.0
YGR063C	188.0
YHL033C	189.0
YJL136C	190.0
YJL014W	191.0
YDR471W	192.0
YPL058C	193.0
YBR031W	194.0
YDR155C	195.0
YER126C	196.5
YJR007W	196.5
YDR045C	198.0
YLR259C	199.0
YLR325C	200.0
YMR142C	201.0
YOR063W	202.0
YER043C	203.0
YDR091C	204.0
YPR043W	205.0
YLL050C	206.0
YKL104C	207.0
YIL133C	208.0
YGL120C	209.0
YPR010C	210.0
YKR097W	211.0
YLR229C	212.0
YJR065C	213.0
YDL097C	214.0
YPL211W	215.0
YLR061W	216.0
YER125W	217.0
YHL001W	218.0
YOR310C	219.5
YPR181C	219.5
YOL005C	221.0
YLR355C	222.0
YBL015W	223.0
YBL041W	224.5
YAL038W	224.5
YJR094W-A	226.0
YAL036C	227.0
YPL249C-A	228.0
YDR075W	229.0
YDR447C	230.0
YER171W	231.0
YMR022W	232.0
YEL013W	233.0
YFL038C	234.0
YJR064W	235.5
YFL005W	235.5
YDL082W	237.0
YBR080C	238.0
YJR048W	239.0
YER036C	240.0
YJL111W	241.0
YDL208W	242.0
YPL234C	243.0
YBR135W	244.0
YMR120C	245.0
YFL058W	246.0
YBL099W	247.0
YGR267C	248.0
YPR088C	249.0
YDR044W	250.0
YPL093W	251.0
YNL135C	252.0
YDR510W	253.0
YJR016C	254.0
YER094C	255.0
YGL148W	256.0
YER179W	257.0
YNL069C	258.0
YPL036W	259.0
YER165W	260.0
YDR092W	261.0
YKL181W	262.0
YLR075W	263.0
YPR069C	264.0
YLR044C	265.0
YDL244W	266.0
YDR190C	267.0
YDR035W	268.0
YDL084W	269.0
YOL012C	270.0
YLR304C	271.0
YLR197W	272.0
YDL143W	273.0
YOR122C	274.0
YGR148C	275.0
YLR333C	276.0
YKR026C	277.0
YNL332W	278.0
YDL100C	279.0
YDL182W	280.0
YNL189W	281.0
YHR072W-A	282.0
YCL059C	283.0
YGR060W	284.0
YCR012W	285.0
YLR447C	286.0
YJL143W	287.0
YDR050C	288.0
YJL189W	289.0
YDL160C	290.0
YBL023C	291.0
YJL001W	292.0
YDR023W	293.0
YGL008C	294.0
YPL037C	295.0
YLR303W	296.0
YHR183W	297.0
YJL166W	298.0
YDL064W	299.0
YER091C	300.0
YLR186W	301.0
YGR210C	302.0
YER178W	303.0
YKL006W	304.0
YDR392W	305.0
YDR032C	306.0
YEL021W	307.0
YLR448W	308.0
YOR020C	309.0
YML106W	310.0
YNL070W	311.0
YDR500C	312.0
YKL152C	313.0
YKL145W	314.0
YEL034W	315.0
YJL012C	316.0
YKL056C	317.5
YLR344W	317.5
YGR086C	319.0
YBR154C	320.0
YGL040C	321.0
YGR135W	322.0
YHR068W	323.0
YDL134C	324.0
YGR195W	325.0
YCR072C	326.0
YOR116C	327.0
YOL038W	328.0
YEL011W	329.0
YDR394W	330.0
YDR397C	331.0
YER081W	332.0
YLL018C	333.0
YDR280W	334.0
YCR024C-A	335.0
YLR185W	336.0
YGL062W	337.0
YGR253C	338.0
YBR218C	339.0
YOR202W	340.0
YPL240C	341.0
YLR043C	342.0
YLR038C	343.0
YDL086W	344.0
YOR298C-A	345.0
YER086W	346.0
YPR035W	347.0
YDR037W	348.0
YJR047C	349.0
YDR158W	350.0
YLR258W	351.0
YOL139C	352.0
YLR028C	353.0
YBR249C	354.0
YPL262W	355.5
YOL040C	355.5
YGR254W	357.0
YKL148C	358.0
YNL075W	359.0
YEL051W	360.0
YHR107C	361.0
YNR016C	362.0
YGR163W	363.0
YPR052C	364.0
YPR160W	365.0
YMR001C	366.0
YMR194W	367.5
YBR126C	367.5
YML028W	369.0
YGL054C	370.0
YLR009W	371.0
YIL143C	372.0
YER056C-A	373.5
YGL031C	373.5
YGR040W	375.0
YLR154W-C	376.0
YNL132W	377.0
YIL125W	378.0
YNL220W	379.0
YHR074W	380.0
YAL054C	381.0
YOL094C	382.0
YDL102W	383.0
YCL018W	384.0
YHR128W	385.0
YNR053C	386.0
YGL087C	387.0
YPL106C	388.0
YDR399W	389.0
YLR208W	390.0
YDL066W	391.0
YER072W	392.0
YDR188W	393.0
YMR203W	394.0
YOR061W	395.0
YLR378C	396.0
YMR205C	397.0
YDR062W	398.5
YMR080C	398.5
YGL207W	400.0
YLR153C	401.0
YLR172C	402.0
YGR032W	403.0
YOR187W	404.0
YPR187W	405.0
YGR240C	406.0
YOR341W	407.0
YDR054C	408.0
YEL024W	409.0
YNL061W	410.0
YGR005C	411.0
YLR262C	412.0
YGL009C	413.0
YMR083W	414.0
YDL171C	415.0
YHR025W	416.0
YDL014W	417.0
YDR341C	418.0
YGR010W	419.0
YPL031C	420.0
YJL108C	421.0
YHR018C	422.0
YDL022W	423.0
YKL113C	424.0
YOR335C	425.0
YLR342W	426.0
YLR274W	427.0
YNR001C	428.0
YPR086W	429.0
YNL067W	430.0
YLR291C	431.0
YJR058C	432.0
YBL092W	433.0
YDR226W	434.0
YPR173C	435.0
YER095W	436.0
YMR290C	437.0
YGR256W	438.0
YPR074C	439.0
YDL108W	440.0
YER065C	441.0
YDR339C	442.0
YPL028W	443.0
YPL160W	444.0
YGL011C	445.0
YCR002C	446.0
YDL198C	447.0
YGR175C	448.0
YDR074W	449.0
YNL112W	450.0
YGR116W	451.0
YOL061W	452.0
YLR069C	453.0
YDR174W	454.0
YOL058W	455.0
YJL121C	456.0
YML069W	457.0
YLR243W	458.0
YGL253W	459.0
YKL144C	460.0
YOR142W	461.0
YCR053W	462.5
YOL097C	462.5
YLR174W	464.0
YOR259C	465.0
YPL198W	466.0
YJR077C	467.0
YOL077C	468.0
YJR095W	469.0
YLL045C	470.0
YDR129C	471.0
YHR170W	472.0
YNL255C	473.0
YBR121C	474.0
YDR177W	475.0
YPL231W	476.0
YFL046W	477.0
YER090W	478.0
YKL053C-A	479.0
YDL215C	480.0
YER052C	481.0
YLR175W	482.5
YGL091C	482.5
YPR110C	484.0
YGL206C	485.0
YFL034C-B	486.0
YJL060W	487.0
YJL130C	488.0
YBR221C	489.0
YAL012W	490.0
YOR224C	491.5
YBR011C	491.5
YFR009W	493.0
YGR218W	494.0
YGL019W	495.0
YGL190C	496.0
YNL229C	497.0
YGL245W	498.0
YPR156C	499.0
YKR001C	500.0
YJR009C	501.0
YGL194C	502.0
YMR015C	503.0
YOR370C	504.0
YER070W	505.0
YKL080W	506.0
YNR073C	507.0
YLR347C	508.0
YOR271C	509.0
YPL061W	510.0
YPL203W	511.0
YIL094C	512.0
YPL004C	513.0
YML121W	514.0
YFL045C	515.0
YOR065W	516.0
YNL024C-A	517.0
YDR373W	518.0
YML073C	519.0
YJL052W	520.0
YPR041W	521.0
YIL078W	522.0
YDR001C	523.0
YGL026C	524.0
YNL161W	525.0
YFL022C	526.0
YDL131W	527.0
YJL026W	528.0
YGR144W	529.0
YLR340W	530.0
YHR026W	531.0
YDR079C-A	532.0
YLR432W	533.0
YKL058W	534.0
YDR516C	535.0
YMR079W	536.0
YBR025C	537.0
YML120C	538.0
YML129C	539.0
YKL203C	540.0
YDL188C	541.0
YLL041C	542.0
YGL001C	543.0
YNL055C	544.0
YKL029C	545.0
YPR145W	546.0
YLR244C	547.0
YKR038C	548.0
YER110C	549.5
YDR477W	549.5
YGR282C	551.0
YKL126W	552.0
YBR117C	553.0
YBL039C	554.0
YLL011W	555.0
YMR093W	556.5
YGL022W	556.5
YMR314W	558.0
YOR375C	559.0
YOL039W	560.0
YOR046C	561.0
YKL216W	562.0
YML078W	563.0
YNL241C	564.0
YKR002W	565.0
YKL164C	566.0
YBL030C	567.0
YKL085W	568.0
YEL039C	569.0
YDR021W	570.0
YCL017C	571.0
YDR448W	572.0
YBR192W	573.0
YMR109W	574.0
YGL125W	575.0
YKL210W	576.0
YCL009C	577.0
YLR060W	578.0
YBR085W	579.0
YGL252C	580.0
YBR089C-A	581.5
YGR092W	581.5
YDR256C	583.0
YIL074C	584.0
YGL147C	585.0
YOR157C	586.0
YBR034C	587.0
YFL059W	588.0
YBL076C	589.0
YDR258C	590.0
YDR135C	591.0
YIL048W	592.0
YJL200C	593.0
YDL168W	594.0
YOR327C	595.0
YNL104C	596.0
YCL055W	597.0
YHR049W	598.0
YOR136W	599.0
YML058W-A	600.0
YIL021W	601.0
YCR005C	602.0
YLR110C	603.0
YNL010W	604.0
YOR374W	605.0
YBR245C	606.0
YJR139C	607.0
YNL287W	608.0
YER099C	609.0
YOR128C	610.0
YIR034C	611.0
YDR353W	612.0
YLR328W	613.0
YDR002W	614.0
YGR260W	615.0
YDL165W	616.0
YDR382W	617.0
YFR015C	618.0
YGR124W	619.0
YFL018C	620.0
YIL118W	621.0
YPL225W	622.0
YGL099W	623.0
YGL210W	624.0
YMR297W	625.0
YPR024W	626.0
YGL112C	627.0
YIL066C	628.0
YHR065C	629.0
YPL154C	630.0
YJR109C	631.0
YML126C	632.0
YNL090W	633.0
YNR032C-A	634.0
YBR238C	635.0
YJR156C	636.0
YPR138C	637.0
YPR103W	638.0
YML051W	639.0
YDR312W	640.0
YGL167C	641.0
YNL191W	642.0
YHR099W	643.0
YER007C-A	644.0
YOR039W	645.0
YNL117W	646.0
YJL140W	647.0
YOR326W	648.0
YDL205C	649.0
YGR061C	650.0
YPL178W	651.0
YLR113W	652.0
YDL001W	653.5
YDR460W	653.5
YHR007C	655.0
YBR296C	656.0
YBR038W	657.5
YOR272W	657.5
YPR183W	659.0
YOR094W	660.0
YOR168W	661.0
YHR037W	662.0
YNR046W	663.0
YER107C	664.0
YKR068C	665.0
YPR019W	666.0
YKL046C	667.0
YNL317W	668.0
YML070W	669.0
YDL006W	670.0
YPL145C	671.0
YPL259C	672.0
YLR377C	673.0
YJR063W	674.0
YPL122C	675.0
YJR076C	676.0
YGR020C	677.0
YEL036C	678.0
YAL030W	679.0
YGL191W	680.5
YOL143C	680.5
YMR196W	682.0
YNR050C	683.0
YPL051W	684.0
YOR226C	685.0
YNR036C	686.0
YGR211W	687.0
YDR316W-A	688.0
YJR072C	689.0
YMR105C	690.0
YNL142W	691.0
YNL021W	692.0
YLR410W	693.0
YLR163C	694.0
YKL067W	695.0
YDR293C	696.0
YKL060C	697.0
YJR010W	698.0
YEL032W	699.0
YOL021C	700.0
YHR190W	701.0
YDL217C	702.0
YMR146C	703.0
YKL182W	704.0
YLR017W	705.0
YNL312W	706.0
YGR132C	707.0
YKL004W	708.0
YBL001C	709.0
YIR031C	710.0
YML035C	711.0
YHR193C	712.0
YJL024C	713.0
YBR291C	714.0
YNL064C	715.0
YLR270W	716.0
YGL201C	717.0
YDL130W	718.0
YAL016W	719.0
YER053C	720.0
YJL050W	721.0
YLR354C	722.5
YDR047W	722.5
YLR134W	724.0
YDR524C-B	725.0
YOR257W	726.0
YLR005W	727.0
YBR006W	728.0
YPR056W	729.0
YBR082C	730.0
YKL120W	731.0
YCR028C-A	732.0
YNL123W	733.0
YDL081C	734.0
YKR043C	735.0
YNL037C	736.0
YKR052C	737.0
YMR131C	738.0
YOR155C	739.0
YLL001W	740.5
YCL040W	740.5
YGR286C	742.0
YMR241W	743.0
YAL003W	744.0
YAR007C	745.0
YOR262W	746.0
YJL033W	747.0
YDR127W	748.0
YPR170W-B	749.0
YML008C	750.0
YAL062W	751.0
YNR055C	752.0
YGL187C	753.0
YGR088W	754.0
YNL290W	755.0
YLR397C	756.0
YPL117C	757.0
YPL226W	758.0
YMR183C	759.0
YOR303W	760.0
YBR111C	761.0
YOR244W	762.0
YBR039W	763.0
YDR234W	764.0
YDR372C	765.0
YLL024C	766.0
YJL082W	767.0
YOR323C	768.0
YPL082C	769.0
YNL025C	770.0
YJR070C	771.0
YMR089C	772.0
YMR302C	773.0
YOL010W	774.0
YDR232W	775.0
YGR231C	776.0
YGL200C	777.0
YIL103W	778.0
YBR029C	779.0
YFR044C	780.0
YOR150W	781.0
YLR438W	782.0
YER026C	783.0
YGR155W	784.0
YIR022W	785.0
YHR013C	786.0
YHR039C	787.0
YJL045W	788.0
YKL009W	789.0
YBR061C	790.0
YMR108W	791.0
YHR069C	792.0
YHR169W	793.0
YCL054W	794.0
YBR202W	795.0
YDR454C	796.0
YOR002W	797.0
YFR053C	798.0
YAL026C	799.0
YPL237W	800.0
YHR027C	801.0
YGL077C	802.0
YOR109W	803.0
YDR529C	804.0
YGL163C	805.0
YDL201W	806.0
YNL185C	807.5
YAR015W	807.5
YLR216C	809.0
YOR108W	810.0
YCR057C	811.0
YOR270C	812.0
YGR185C	813.0
YOR304W	814.0
YLR089C	815.0
YLR289W	816.0
YLR004C	817.5
YGR285C	817.5
YLL008W	819.0
YDR238C	820.0
YKL002W	821.0
YGR172C	822.0
YDR487C	823.0
YHR162W	824.5
YPL091W	824.5
YPL264C	826.0
YIL022W	827.0
YGR065C	828.0
YGR145W	829.0
YJR025C	830.0
YJL216C	831.0
YEL031W	832.0
YIL035C	833.0
YGL130W	834.5
YIR028W	834.5
YML077W	836.0
YGL225W	837.0
YLL034C	838.0
YJR133W	839.0
YBR247C	840.0
YLR370C	841.0
YBR222C	842.0
YHR019C	843.0
YBR023C	844.0
YGL115W	845.0
YER055C	846.0
YGR038W	847.0
YER003C	848.0
YDR283C	849.0
YLR129W	850.0
YGR094W	851.0
YBR248C	852.0
YOL059W	853.0
YHR008C	854.0
YGR264C	855.0
YGR028W	856.0
YNR037C	857.0
YGR159C	858.0
YOR176W	859.0
YLR371W	860.0
YJL167W	861.0
YKL018W	862.0
YIL138C	863.0
YOR014W	864.0
YNR002C	865.0
YML086C	866.0
YHR205W	867.0
YKR062W	868.0
YNL277W	869.0
YML009C	870.0
YMR099C	871.0
YMR308C	872.0
YCR073W-A	873.5
YMR058W	873.5
YLR203C	875.0
YGR271W	876.0
YDR453C	877.0
YLR348C	878.0
YOR204W	879.0
YMR121C	880.5
YGR138C	880.5
YLR237W	882.0
YFR050C	883.0
YIL084C	884.0
YGL156W	885.0
YKL117W	886.5
YAL005C	886.5
YGL114W	888.0
YKR081C	889.0
YBR236C	890.0
YBL024W	891.0
YMR303C	892.0
YGL106W	893.0
YDL017W	894.0
YKR018C	895.0
YGR281W	896.0
YHR165C	897.0
YPL030W	898.0
YGL100W	899.0
YJR014W	900.0
YDR172W	901.0
YPL135W	902.0
YNL248C	903.5
YBL016W	903.5
YLR351C	905.0
YHR112C	906.0
YDR432W	907.0
YNR032W	908.0
YEL046C	909.0
YGR252W	910.0
YDR388W	911.0
YOR027W	912.0
YHR106W	913.0
YER103W	914.0
YJL088W	915.0
YBR106W	916.0
YBL075C	917.0
YHL031C	918.0
YML056C	919.0
YCL025C	920.0
YDR300C	921.0
YBR198C	922.0
YOL140W	923.0
YJR152W	924.0
YIL172C	925.0
YMR251W-A	926.0
YMR049C	927.0
YPR060C	928.0
YBR001C	929.0
YDR189W	930.0
YFR010W	931.0
YGL055W	932.0
YHR020W	933.0
YHR064C	934.0
YIL164C	935.0
YER133W	936.0
YBR035C	937.0
YGR087C	938.0
YMR309C	939.0
YIL033C	940.0
YOL157C	941.0
YGR244C	942.0
YOR362C	943.0
YDR335W	944.0
YNR034W	945.0
YNR003C	946.0
YCR004C	947.0
YMR197C	948.0
YPL217C	949.0
YGR245C	950.0
YBR164C	951.0
YJL212C	952.0
YDL132W	953.0
YOR086C	954.0
YGR100W	955.0
YKL160W	956.0
YOR119C	957.0
YOR074C	958.0
YNL321W	959.0
YHR186C	960.0
YJR066W	961.0
YLR386W	962.0
YCR034W	963.0
YIL160C	964.0
YKR093W	965.0
YIL109C	966.0
YPR033C	967.0
YDL145C	968.0
YKR080W	969.0
YEL071W	970.0
YOR089C	971.0
YOR197W	972.0
YKL196C	973.0
YPL050C	974.0
YBR114W	975.0
YCR010C	976.0
YMR055C	977.0
YLR027C	978.0
YNL183C	979.0
YAL067C	980.0
YGR078C	981.0
YGL003C	982.0
YLR369W	983.0
YOL103W	984.0
YKR014C	985.0
YLR262C-A	986.0
YOR184W	987.5
YJR105W	987.5
YMR158W	989.0
YHR104W	990.0
YNL222W	991.0
YHR208W	992.0
YJL036W	993.0
YBR235W	994.0
YMR318C	995.0
YNL207W	996.0
YLR276C	997.0
YGR121C	998.0
YHL016C	999.0
YNL239W	1000.0
YBR003W	1001.0
YIL105C	1002.5
YGR123C	1002.5
YGL078C	1004.0
YDR211W	1005.0
YNL262W	1006.0
YNR017W	1007.0
YFR024C-A	1008.5
YDR321W	1008.5
YOL123W	1010.0
YLR196W	1011.5
YFR047C	1011.5
YML110C	1013.0
YER082C	1014.0
YJR103W	1015.0
YCL030C	1016.0
YPL059W	1017.0
YAR035W	1018.0
YLR249W	1019.0
YER009W	1020.0
YGL205W	1021.0
YDL125C	1022.0
YPR111W	1023.0
YAR018C	1024.0
YKL064W	1025.0
YJR068W	1026.0
YDR105C	1027.0
YJR104C	1028.0
YMR071C	1029.0
YPR166C	1030.0
YCR084C	1031.0
YAL025C	1032.0
YNL081C	1033.0
YER017C	1034.0
YIL002C	1035.0
YER166W	1036.0
YOL016C	1037.0
YLR034C	1038.0
YDR375C	1039.0
YLR109W	1040.0
YGR246C	1041.0
YIL065C	1042.0
YBR115C	1043.0
YOR095C	1044.0
YNL099C	1045.0
YNL113W	1046.0
YKL165C	1047.0
YOL126C	1048.0
YFL028C	1049.0
YIL051C	1050.0
YCR011C	1051.0
YGL012W	1052.0
YOR211C	1053.0
YER048C	1054.0
YIL075C	1055.0
YBR054W	1056.0
YIL046W	1057.0
YNL079C	1058.5
YDR456W	1058.5
YER164W	1060.0
YNL333W	1061.0
YML064C	1062.0
YLR212C	1063.0
YGR255C	1064.0
YGL202W	1065.0
YPR159W	1066.0
YMR238W	1067.0
YBR021W	1068.0
YLR409C	1069.0
YNL325C	1070.0
YPR137W	1071.0
YGR047C	1072.0
YML010W	1073.0
YMR313C	1074.0
YDR011W	1075.0
YBL068W	1076.0
YHR179W	1077.0
YDL045W-A	1078.0
YGL184C	1079.0
YNL147W	1080.0
YDR013W	1081.0
YGR243W	1082.0
YBL091C	1083.5
YAL048C	1083.5
YGL080W	1085.0
YER154W	1086.0
YGR187C	1087.0
YDR311W	1088.0
YMR062C	1089.0
YLR240W	1090.0
YDR497C	1091.0
YKL190W	1092.0
YHR072W	1093.0
YER006W	1094.0
YER023W	1095.0
YIL129C	1096.0
YPL116W	1097.0
YJL081C	1098.0
YGL234W	1099.0
YPR131C	1100.0
YER042W	1101.0
YER069W	1102.0
YDR345C	1103.0
YBL064C	1104.0
YPL002C	1105.0
YIL057C	1106.0
YDL135C	1107.0
YDL164C	1108.0
YLR222C	1109.0
YCR059C	1110.0
YLR300W	1111.0
YBR287W	1112.0
YJL159W	1113.0
YJR135W-A	1114.0
YDR237W	1115.0
YHR051W	1116.0
YPR168W	1117.0
YHR098C	1118.0
YLR384C	1119.0
YEL012W	1120.0
YBR166C	1121.0
YNL007C	1122.0
YDL111C	1123.0
YHR046C	1124.0
YBR125C	1125.0
YPL170W	1126.0
YOR283W	1127.0
YKL157W	1128.0
YHR088W	1129.0
YMR236W	1130.0
YDL181W	1131.0
YMR272C	1132.0
YJL124C	1133.0
YJL221C	1134.0
YHR033W	1135.0
YDR427W	1136.0
YGL116W	1137.0
YBR234C	1138.0
YNL202W	1139.0
YER073W	1141.0
YOR091W	1141.0
YDR120C	1141.0
YOL030W	1143.0
YGR054W	1144.0
YNL231C	1145.0
YDR267C	1146.0
YJR001W	1147.0
YLR253W	1148.0
YNL259C	1149.0
YOR357C	1150.0
YDL166C	1151.0
YBR214W	1152.0
YJL164C	1153.0
YOR294W	1154.0
YPL119C	1155.0
YHR214W	1156.0
YDR210W	1157.0
YGL238W	1158.0
YBL104C	1159.0
YLL031C	1160.0
YPL188W	1161.0
YBR162C	1162.0
YGL244W	1163.0
YER049W	1164.5
YHR001W	1164.5
YKL215C	1166.0
YKL166C	1167.0
YHR005C	1168.5
YOL133W	1168.5
YDR377W	1170.0
YBR087W	1171.0
YBL105C	1172.0
YPR082C	1173.0
YOR361C	1174.0
YGR019W	1175.0
YPL125W	1176.0
YGR043C	1177.0
YOR048C	1178.0
YPL184C	1179.0
YIL126W	1180.0
YPL060W	1181.0
YHR113W	1182.0
YNL044W	1183.0
YBR208C	1184.0
YCR037C	1185.0
YER123W	1186.0
YOL064C	1187.0
YDR071C	1188.0
YER074W-A	1189.0
YDR051C	1190.0
YPL042C	1191.0
YOR070C	1192.0
YLR389C	1193.0
YOR230W	1194.0
YBL022C	1195.0
YDR086C	1196.0
YDR170C	1197.0
YHR132W-A	1198.0
YER031C	1199.0
YDL080C	1200.0
YPR108W	1201.0
YDL031W	1202.0
YKL045W	1203.0
YMR139W	1204.0
YHR030C	1205.0
YBR092C	1206.0
YBR252W	1207.0
YKR009C	1208.0
YPL147W	1209.0
YOR347C	1210.0
YOR334W	1211.0
YGR103W	1212.0
YPL260W	1213.0
YPL023C	1214.0
YGL256W	1215.0
YPL169C	1216.0
YPL153C	1217.0
YOL075C	1218.0
YMR096W	1219.0
YMR298W	1220.0
YKL217W	1221.0
YHR216W	1222.0
YNL200C	1223.0
YPL232W	1224.0
YLL048C	1225.0
YLR241W	1226.0
YBR256C	1227.0
YPL212C	1228.0
YBR299W	1229.0
YNL323W	1230.0
YDL128W	1231.0
YNR056C	1232.0
YIR026C	1233.0
YBR132C	1234.0
YGR184C	1235.0
YLR209C	1236.0
YHR039C-A	1237.0
YDL051W	1238.0
YGR209C	1239.0
YJL133W	1240.0
YGR048W	1241.0
YNR020C	1242.0
YKL110C	1243.0
YML030W	1244.0
YPR167C	1245.0
YHR024C	1246.0
YDR139C	1247.0
YGR012W	1248.0
YIL116W	1249.0
YBR200W	1250.0
YPL204W	1251.0
YDR093W	1252.0
YNR043W	1253.0
YOR145C	1254.5
YOR291W	1254.5
YPR026W	1256.0
YPL196W	1257.0
YJL153C	1258.0
YLR363W-A	1259.0
YKL170W	1260.0
YGL059W	1261.0
YPL245W	1262.0
YLR275W	1263.0
YJL085W	1264.0
YLR256W	1265.0
YLR398C	1266.0
YKL021C	1267.0
YGR262C	1268.0
YOL090W	1269.0
YLR277C	1270.0
YDR301W	1271.0
YHR194W	1272.0
YDL147W	1273.0
YHR002W	1274.0
YNL065W	1275.0
YBR041W	1276.0
YGR183C	1277.0
YDR338C	1278.0
YLR138W	1279.0
YIL111W	1280.0
YGR204W	1281.0
YOL052C-A	1282.0
YGL097W	1283.0
YBR139W	1284.0
YKL207W	1285.0
YJR017C	1286.0
YMR056C	1287.5
YML057W	1287.5
YER056C	1289.0
YGR109W-A	1290.0
YIL083C	1291.5
YPR194C	1291.5
YOL129W	1293.0
YNL052W	1294.0
YKL114C	1295.0
YKL091C	1296.0
YBL021C	1297.0
YOR388C	1298.0
YKL041W	1299.0
YDR164C	1300.0
YIL020C	1301.0
YMR301C	1302.0
YKL040C	1303.0
YMR226C	1304.0
YML016C	1305.0
YGL140C	1306.0
YNL267W	1307.0
YLR092W	1308.0
YER057C	1309.0
YOR163W	1310.0
YDR101C	1311.0
YLR399C	1312.0
YEL050C	1313.0
YBR017C	1314.0
YGL094C	1315.0
YDL225W	1316.0
YML105C	1317.0
YLR450W	1318.0
YFL036W	1319.0
YPL043W	1320.0
YNL088W	1321.0
YCR047C	1322.0
YMR008C	1323.0
YPR028W	1324.0
YPL270W	1325.0
YNL059C	1326.0
YMR189W	1327.0
YLR100W	1328.0
YGL044C	1329.0
YNL121C	1330.0
YJR069C	1331.0
YNL102W	1332.0
YDR079W	1333.0
YKR035W-A	1334.0
YBR171W	1335.0
YGR055W	1336.0
YKL003C	1337.0
YDR046C	1338.0
YDR384C	1339.0
YFL034C-A	1340.0
YDR308C	1341.0
YNL016W	1342.0
YPR184W	1343.0
YMR296C	1344.0
YNR013C	1345.0
YOR212W	1346.0
YHR009C	1347.0
YKL059C	1348.0
YNL169C	1349.0
YLR192C	1350.0
YAL021C	1351.0
YHR089C	1352.0
YGR037C	1353.0
YGL137W	1354.0
YOL067C	1355.0
YMR104C	1356.0
YBL045C	1357.0
YKL129C	1358.0
YPL214C	1359.0
YMR295C	1360.0
YBL071W-A	1361.0
YOL042W	1362.0
YNR052C	1363.0
YOL032W	1364.0
YGL105W	1365.0
YIL106W	1366.0
YGR105W	1367.0
YDR408C	1368.0
YBR261C	1369.0
YFL016C	1370.0
YNR018W	1371.0
YJL101C	1372.0
YFL014W	1373.0
YJL104W	1374.0
YOL006C	1375.0
YBL020W	1376.0
YHR092C	1377.0
YKL140W	1378.0
YLL052C	1379.0
YHR032W	1380.0
YIL108W	1381.0
YGR294W	1382.0
YGR220C	1383.0
YOR317W	1384.0
YPR062W	1385.0
YNL307C	1386.5
YKL151C	1386.5
YNR012W	1388.0
YGL171W	1389.0
YDR245W	1390.0
YJL144W	1391.0
YCL067C	1392.0
YNL163C	1393.0
YOR261C	1394.0
YLL018C-A	1395.0
YDR496C	1396.0
YNR058W	1397.0
YOR196C	1398.0
YDR297W	1399.0
YIL162W	1400.0
YGR287C	1401.0
YNL011C	1402.0
YOL066C	1403.0
YDR337W	1404.5
YPR140W	1404.5
YKL189W	1406.0
YMR306W	1407.0
YGL006W	1408.0
YPR058W	1409.0
YJL116C	1410.0
YBR019C	1411.0
YDR539W	1412.0
YBL102W	1413.0
YNL236W	1414.0
YER067W	1415.0
YKL211C	1416.0
YIR037W	1417.0
YBR251W	1418.0
YIL003W	1419.0
YFR001W	1420.0
YGL122C	1421.0
YIR012W	1422.0
YLR363C	1423.0
YNL181W	1424.0
YKL150W	1425.0
YLL019C	1426.0
YDR097C	1427.0
YER089C	1428.0
YJR096W	1429.0
YFL052W	1430.0
YDL226C	1431.0
YJL003W	1432.0
YDL236W	1433.0
YPL273W	1434.0
YOL086C	1435.0
YLR147C	1436.0
YAL041W	1437.0
YDR034C	1438.0
YEL052W	1439.0
YLR327C	1440.0
YER156C	1441.0
YNL218W	1442.0
YGR083C	1443.0
YJR143C	1444.0
YLR268W	1445.0
YKL174C	1446.0
YOR348C	1447.5
YDR429C	1447.5
YDR343C	1450.0
YDL185W	1450.0
YAL053W	1450.0
YGR001C	1452.0
YDR449C	1453.0
YOL055C	1454.0
YOR217W	1455.0
YKL024C	1456.5
YLR103C	1456.5
YMR243C	1458.0
YER068W	1459.0
YGR024C	1460.0
YNL243W	1461.0
YMR244W	1462.0
YHR066W	1463.0
YGR008C	1464.0
YKL192C	1465.5
YLR362W	1465.5
YJR049C	1467.0
YOR356W	1468.0
YLR292C	1469.0
YDL213C	1470.0
YDR291W	1471.0
YMR319C	1472.0
YPR176C	1473.0
YLR272C	1474.0
YBR227C	1475.0
YKR042W	1476.0
YCR098C	1477.0
YMR291W	1478.0
YGR181W	1479.0
YHL032C	1480.0
YMR214W	1481.0
YJR111C	1482.0
YML123C	1483.0
YAL019W	1484.0
YKR070W	1485.0
YBR260C	1486.0
YNL003C	1487.0
YPL175W	1488.0
YBR084W	1489.0
YKL135C	1490.0
YER118C	1491.0
YOL062C	1492.0
YKL094W	1493.0
YNR008W	1494.0
YGL150C	1495.0
YDR324C	1496.0
YBR281C	1497.0
YDL190C	1498.5
YEL047C	1498.5
YMR199W	1500.0
YDR457W	1501.0
YMR088C	1502.0
YNR047W	1503.0
YLL015W	1504.0
YIR008C	1505.0
YDL156W	1506.0
YMR178W	1507.0
YGR143W	1508.0
YNL001W	1509.0
YCL050C	1510.0
YJL198W	1511.0
YBR286W	1512.0
YJL171C	1513.0
YFR028C	1514.0
YOR052C	1515.0
YBL069W	1516.0
YMR145C	1517.0
YAL023C	1518.0
YLR285W	1519.0
YFL053W	1520.0
YOR254C	1521.0
YNL192W	1522.0
YBR169C	1523.0
YBR093C	1524.0
YFR051C	1525.0
YIL068C	1526.0
YIL107C	1527.0
YJL074C	1528.0
YJL034W	1529.0
YER021W	1530.0
YGR180C	1531.0
YDL101C	1532.0
YNL045W	1533.0
YBL050W	1534.0
YGR125W	1535.0
YIL173W	1536.0
YOL161C	1537.0
YDR142C	1538.0
YMR150C	1539.0
YDR531W	1540.0
YML115C	1541.0
YBL059C-A	1542.0
YBR136W	1543.0
YDR486C	1544.0
YOR198C	1545.0
YIL154C	1546.0
YLR401C	1547.0
YLR383W	1548.5
YML054C	1548.5
YPL078C	1550.0
YKL033W-A	1551.0
YHR043C	1552.0
YGL261C	1553.0
YNL154C	1554.0
YDL227C	1555.0
YNL071W	1556.0
YJR034W	1557.5
YML131W	1557.5
YIL009W	1559.5
YAL061W	1559.5
YNL101W	1561.0
YJL004C	1562.0
YLR234W	1563.0
YJL005W	1564.0
YIL043C	1565.0
YGR202C	1566.0
YDR304C	1567.0
YML075C	1568.0
YOR229W	1569.0
YNL264C	1570.0
YBR254C	1571.0
YOL002C	1572.0
YOR093C	1573.0
YER141W	1574.0
YER012W	1575.0
YIL155C	1576.0
YMR277W	1577.0
YKL193C	1578.0
YIL041W	1579.0
YOR043W	1580.0
YLR305C	1581.0
YJL145W	1582.0
YOR237W	1583.0
YPL109C	1584.0
YDL004W	1585.0
YBR026C	1586.5
YAL035W	1586.5
YMR285C	1588.0
YJL053W	1589.0
YNL331C	1590.0
YPL207W	1591.0
YNL298W	1592.0
YPL239W	1593.0
YMR202W	1594.0
YNL141W	1595.0
YJR159W	1596.0
YMR235C	1597.0
YFR021W	1598.0
YER044C	1599.0
YLR026C	1600.0
YPL132W	1601.5
YDR395W	1601.5
YBR243C	1603.0
YMR034C	1604.0
YKL028W	1605.0
YPL221W	1606.0
YMR161W	1607.0
YMR169C	1608.0
YBR155W	1609.0
YGL139W	1610.0
YKL032C	1611.0
YPL048W	1612.0
YPL179W	1613.0
YER024W	1614.0
YKL103C	1615.0
YMR325W	1616.0
YGL173C	1617.0
YBR283C	1618.0
YOL068C	1619.0
YPR072W	1620.0
YFR019W	1621.0
YER122C	1622.0
YOL011W	1623.0
YPR113W	1624.5
YFL008W	1624.5
YDR058C	1626.0
YLL043W	1627.0
YHR135C	1628.0
YOL057W	1629.0
YDL246C	1630.0
YAR003W	1631.0
YDR368W	1632.0
YDL212W	1633.0
YER019W	1634.0
YGR284C	1635.0
YKR024C	1636.0
YKL127W	1637.0
YJL030W	1638.0
YPL172C	1639.0
YCR028C	1640.0
YPL010W	1641.0
YMR002W	1642.0
YOR243C	1643.0
YGL211W	1644.0
YMR162C	1645.0
YLL028W	1646.0
YLR168C	1647.5
YBR037C	1647.5
YMR033W	1649.0
YJR044C	1650.0
YCR008W	1651.0
YDR098C	1652.0
YOR332W	1653.0
YIL008W	1654.0
YNL108C	1655.0
YHR096C	1656.0
YNL036W	1657.0
YKL078W	1658.0
YGR292W	1659.0
YLR056W	1660.0
YJL208C	1661.0
YNL251C	1662.0
YKL034W	1663.0
YLR193C	1664.0
YDR430C	1665.0
YHR206W	1666.0
YGL070C	1667.0
YML100W	1668.0
YPR100W	1669.0
YDR513W	1670.0
YJR019C	1671.0
YOR161C	1672.0
YGL246C	1673.0
YJL179W	1674.0
YEL003W	1675.0
YOR302W	1676.0
YCR077C	1677.0
YOL034W	1678.0
YCR093W	1679.0
YMR307W	1680.0
YNL263C	1681.0
YPL019C	1682.0
YGL242C	1683.0
YML074C	1684.0
YLR087C	1685.0
YNL288W	1686.0
YKL143W	1687.0
YGL143C	1688.0
YMR261C	1689.0
YAR002C-A	1690.0
YKL124W	1691.0
YOR276W	1692.0
YJR148W	1693.0
YLR074C	1694.0
YML041C	1695.0
YGL186C	1696.0
YPL215W	1697.0
YBR020W	1698.0
YBR068C	1699.0
YGL084C	1700.0
YOL145C	1701.0
YJR024C	1702.0
YKL081W	1703.0
YCL064C	1704.0
YBR263W	1705.0
YGL043W	1706.5
YDR084C	1706.5
YCR063W	1708.0
YOL119C	1709.0
YLR008C	1710.0
YMR250W	1711.5
YNL274C	1711.5
YLR345W	1713.0
YNL275W	1714.0
YGR046W	1715.5
YOL052C	1715.5
YNL151C	1717.0
YNL190W	1718.0
YGL056C	1719.0
YDL159W	1720.0
YEL022W	1721.0
YJR153W	1722.0
YPR119W	1723.0
YGR149W	1724.0
YGL144C	1725.5
YOL146W	1725.5
YBR078W	1727.5
YNL009W	1727.5
YKL016C	1729.0
YJL094C	1730.0
YML080W	1731.0
YDL210W	1732.0
YBL033C	1733.0
YFR037C	1734.0
YPL026C	1735.0
YLR098C	1736.0
YBL056W	1737.0
YML081C-A	1738.0
YPL152W	1739.0
YBL037W	1740.0
YKL163W	1741.0
YLL025W	1742.0
YOR092W	1743.0
YML022W	1744.0
YMR054W	1745.0
YOR246C	1746.0
YGR207C	1747.0
YJL141C	1748.0
YDR346C	1749.0
YIL067C	1750.0
YJL213W	1751.0
YJR040W	1752.0
YKL194C	1753.0
YBR294W	1754.0
YKR003W	1755.0
YDR246W	1756.0
YGR108W	1757.0
YML012W	1758.0
YJL128C	1759.0
YLR357W	1760.0
YGL180W	1761.0
YMR006C	1762.0
YPL057C	1763.0
YDL021W	1764.0
YBR079C	1765.0
YBR123C	1766.0
YCL005W-A	1767.0
YPR040W	1768.0
YNR031C	1769.0
YKR087C	1770.0
YLR071C	1771.0
YMR271C	1772.0
YOR067C	1773.0
YIL124W	1774.0
YBR145W	1775.0
YGR082W	1776.0
YMR276W	1777.5
YKR017C	1777.5
YLR350W	1779.0
YDR208W	1780.0
YJR051W	1781.0
YJR035W	1782.0
YLR188W	1783.0
YNL022C	1784.0
YCR094W	1785.0
YLR220W	1786.0
YNL270C	1787.0
YIL147C	1788.0
YOR383C	1789.0
YHR042W	1790.0
YLR430W	1791.0
YKR066C	1792.5
YPL103C	1792.5
YPR054W	1794.0
YGR174C	1795.0
YOR260W	1796.0
YDR005C	1797.0
YDR196C	1798.0
YBR094W	1799.0
YGR090W	1800.0
YDR060W	1801.0
YGR200C	1802.0
YOR164C	1803.0
YJR091C	1804.0
YHL003C	1805.0
YBR146W	1806.0
YLR433C	1807.5
YBL032W	1807.5
YLR250W	1809.0
YPL100W	1810.0
YEL070W	1811.0
YDL067C	1812.0
YLL029W	1813.0
YKL008C	1814.0
YER078C	1815.0
YOL060C	1816.0
YJL218W	1817.0
YDR081C	1818.0
YNL268W	1819.0
YDR389W	1820.0
YAL009W	1821.0
YOR021C	1822.0
YMR237W	1823.0
YKR089C	1824.0
YBR101C	1825.0
YML094W	1826.0
YMR246W	1827.0
YER015W	1828.0
YOR159C	1829.0
YER100W	1830.0
YJL062W-A	1831.0
YML127W	1832.0
YNL271C	1833.0
YMR223W	1834.0
YPL128C	1835.0
YHR200W	1836.0
YKR065C	1837.0
YEL064C	1838.0
YHR001W-A	1839.0
YPR163C	1840.0
YOR125C	1841.0
YGL216W	1842.5
YMR215W	1842.5
YDL124W	1844.0
YPL263C	1845.0
YNR035C	1846.0
YPL252C	1847.0
YFL007W	1848.0
YNL168C	1849.0
YOL130W	1850.0
YIR004W	1851.0
YPL129W	1852.0
YOR306C	1853.0
YJR117W	1854.0
YJR124C	1855.0
YGL037C	1856.0
YLL057C	1857.0
YFL041W	1858.0
YBR255C-A	1859.0
YHR178W	1860.0
YMR288W	1861.0
YOL148C	1862.0
YMR128W	1863.0
YOR160W	1864.0
YDR039C	1865.0
YDR424C	1866.0
YHR087W	1867.0
YMR304W	1868.0
YLR321C	1869.0
YOR173W	1870.0
YFL024C	1871.0
YPL209C	1872.0
YGR257C	1873.0
YLR078C	1874.0
YER039C	1875.0
YGL178W	1876.0
YPL265W	1877.0
YLL040C	1878.5
YMR010W	1878.5
YER139C	1880.0
YKR069W	1881.0
YKL212W	1882.0
YOR222W	1883.0
YOL004W	1884.0
YDL161W	1885.0
YOR241W	1886.0
YHR166C	1887.0
YDR378C	1888.0
YCL057W	1889.0
YOR090C	1890.0
YNL292W	1891.0
YOL124C	1892.0
YPR021C	1893.0
YDL060W	1894.0
YMR292W	1895.0
YCL001W	1896.0
YDR342C	1897.0
YBR149W	1898.0
YPL190C	1899.0
YBR170C	1900.0
YKL138C	1901.0
YMR134W	1902.0
YFR031C	1903.0
YGR280C	1904.0
YKR056W	1905.0
YDL174C	1906.0
YLR308W	1907.0
YDL119C	1908.0
YJR137C	1909.0
YNL085W	1910.0
YOR209C	1911.0
YGL195W	1912.0
YPR112C	1913.0
YHR108W	1914.0
YER145C	1915.0
YFL002C	1916.0
YMR229C	1917.0
YLL004W	1918.0
YNL308C	1919.0
YPR149W	1920.0
YMR012W	1921.0
YHR142W	1922.0
YDR540C	1923.0
YJL217W	1924.0
YOR016C	1925.0
YDR507C	1926.0
YDR434W	1927.0
YPR190C	1928.0
YNL313C	1929.0
YIL090W	1930.0
YER093C	1931.0
YJL080C	1932.0
YLR020C	1933.0
YOR351C	1934.0
YOR290C	1935.0
YLR352W	1936.5
YMR266W	1936.5
YOR206W	1938.0
YLR248W	1939.0
YOL081W	1940.0
YMR092C	1941.0
YBR177C	1942.0
YOR311C	1943.0
YDL085W	1944.0
YBL042C	1945.0
YCR017C	1946.0
YIL047C	1947.0
YOL147C	1948.0
YDR033W	1949.0
YPR192W	1950.0
YFL047W	1951.0
YOR367W	1952.0
YKL106W	1953.0
YBR239C	1954.0
YML116W	1955.0
YDL219W	1956.0
YJR090C	1957.0
YLR022C	1958.0
YHL040C	1959.0
YKR074W	1960.0
YLR288C	1961.0
YNL134C	1962.0
YOR337W	1963.0
YDR536W	1964.0
YNL138W	1965.0
YDR083W	1966.0
YKL184W	1967.0
YEL030W	1968.0
YNL310C	1969.5
YOL045W	1969.5
YNR076W	1971.0
YAR042W	1972.0
YLR260W	1973.5
YGR057C	1973.5
YJR100C	1975.0
YLR170C	1976.0
YMR024W	1977.0
YDR148C	1978.0
YGR191W	1979.0
YOL098C	1980.0
YKR061W	1981.0
YBR290W	1982.0
YGL095C	1983.0
YPL088W	1984.0
YDR365C	1985.0
YAL060W	1986.0
YGR274C	1987.0
YGL029W	1988.0
YKL186C	1989.0
YLR419W	1990.0
YDR443C	1991.0
YPR051W	1992.0
YDL230W	1993.0
YDR331W	1994.0
YLR228C	1995.0
YBL011W	1996.0
YBR137W	1997.0
YHR073W	1998.0
YBR018C	1999.0
YBR159W	2000.0
YCR020C	2001.0
YMR129W	2002.0
YER146W	2003.0
YCL026C-B	2004.0
YBL066C	2005.0
YDR116C	2006.0
YPL256C	2007.0
YLR002C	2008.0
YOR099W	2009.0
YFR002W	2010.0
YAL042W	2011.0
YOL093W	2012.0
YJL069C	2013.0
YPL126W	2014.0
YML082W	2015.0
YNL014W	2016.0
YDR233C	2017.0
YLL053C	2018.0
YER087C-B	2019.0
YML061C	2020.0
YHR016C	2021.0
YIL038C	2022.0
YDR194C	2023.0
YCL043C	2024.0
YAL017W	2025.0
YPL063W	2026.0
YJL072C	2027.0
YJR075W	2028.0
YNL083W	2029.0
YMR165C	2030.0
YDL240W	2031.0
YDR108W	2032.0
YJL155C	2033.0
YDR402C	2034.0
YJL173C	2035.0
YMR315W	2036.0
YBR016W	2037.0
YDL231C	2038.0
YER027C	2039.0
YGR152C	2040.0
YDR009W	2041.0
YAL007C	2042.0
YLR150W	2043.0
YPR002W	2044.0
YGL213C	2045.0
YKL082C	2046.0
YOR382W	2047.0
YKR030W	2048.0
YJL125C	2049.0
YMR286W	2050.0
YPR127W	2051.0
YPR191W	2052.0
YDR381W	2053.0
YMR231W	2054.0
YNL032W	2055.0
YMR076C	2056.0
YPR011C	2057.0
YML072C	2058.0
YPL087W	2059.0
YHR062C	2060.5
YPL134C	2060.5
YJL106W	2062.0
YKL142W	2063.0
YIL121W	2064.0
YOL115W	2065.0
YLR142W	2066.0
YCL035C	2067.0
YMR200W	2068.5
YHL014C	2068.5
YJL115W	2070.0
YLR411W	2071.0
YPL247C	2072.0
YNL305C	2073.5
YPL098C	2073.5
YJR138W	2075.0
YKL017C	2076.0
YDR361C	2077.0
YJL172W	2078.0
YAL022C	2079.0
YDR111C	2080.0
YKL096W-A	2081.0
YNL216W	2082.0
YHR123W	2083.0
YER013W	2084.0
YMR170C	2085.0
YDL110C	2086.0
YGL119W	2087.0
YKL146W	2088.0
YBR282W	2089.0
YMR305C	2090.0
YNL062C	2091.0
YDL178W	2092.0
YKL179C	2093.0
YER060W	2094.0
YLR372W	2095.0
YDR063W	2096.0
YBR142W	2097.0
YPL228W	2098.0
YOR100C	2099.0
YFR055W	2100.0
YDR019C	2101.0
YOR087W	2102.0
YLR382C	2103.0
YDL117W	2104.5
YNL289W	2104.5
YBL047C	2106.0
YPR047W	2107.0
YLR429W	2108.0
YLR451W	2109.0
YOR130C	2110.0
YHR122W	2111.0
YBR008C	2112.0
YEL015W	2113.0
YGL136C	2114.0
YHR005C-A	2115.0
YNL002C	2116.0
YKR031C	2117.0
YHR058C	2118.0
YDR153C	2119.0
YOL020W	2120.0
YLR380W	2121.0
YCL033C	2122.0
YDR248C	2123.0
YDL002C	2124.0
YOL084W	2125.5
YLR166C	2125.5
YFR006W	2127.0
YOR274W	2128.0
YLR195C	2129.0
YLR375W	2130.0
YNR029C	2131.0
YER101C	2132.0
YML111W	2133.0
YGL236C	2134.0
YFR040W	2135.5
YJL006C	2135.5
YGL101W	2137.0
YLR025W	2138.0
YIL013C	2139.0
YDL087C	2140.0
YNL250W	2141.0
YOL023W	2142.0
YNR041C	2144.0
YBR085C-A	2144.0
YFL033C	2144.0
YBR102C	2146.0
YGR165W	2147.0
YKL022C	2148.0
YMR038C	2149.0
YJR005C-A	2150.0
YML125C	2151.0
YIL024C	2152.0
YPL171C	2153.0
YHR094C	2154.0
YBL079W	2155.0
YGR097W	2156.0
YDR128W	2157.0
YLR085C	2158.0
YDR489W	2159.0
YDR287W	2160.0
YIL034C	2161.0
YNL320W	2162.0
YMR225C	2163.0
YDR031W	2164.0
YFL004W	2165.0
YOR368W	2166.0
YOL109W	2167.0
YLL055W	2168.0
YLR307W	2169.0
YKL141W	2170.0
YIL070C	2171.0
YPL254W	2172.0
YBL007C	2173.0
YNR007C	2174.0
YDL235C	2175.0
YGR002C	2176.0
YCR023C	2177.0
YJL158C	2178.0
YKR079C	2179.0
YGR186W	2180.0
YIL176C	2181.0
YFR052W	2182.0
YER169W	2183.0
YBR274W	2184.0
YMR208W	2185.0
YGR279C	2186.0
YDL045C	2187.0
YHR111W	2188.0
YLR116W	2189.0
YML093W	2190.0
YJR130C	2191.0
YER060W-A	2192.0
YCR045C	2193.0
YMR061W	2194.0
YDR213W	2195.0
YJL168C	2196.0
YDR508C	2197.0
YGR232W	2198.0
YGR199W	2199.0
YCL044C	2200.0
YMR221C	2201.0
YHR070W	2202.0
YAL044C	2203.0
YMR027W	2204.0
YNL177C	2205.0
YMR039C	2206.0
YHR063C	2207.0
YJR005W	2208.0
YFR048W	2209.0
YDR363W-A	2210.0
YLR055C	2211.0
YOR132W	2212.0
YLR106C	2213.0
YIR035C	2214.0
YDL072C	2215.0
YFR030W	2216.5
YOR273C	2216.5
YER143W	2218.0
YKL213C	2219.0
YBR110W	2220.0
YDR167W	2221.0
YPL012W	2222.5
YLR231C	2222.5
YLR310C	2224.0
YBR002C	2225.0
YJL187C	2226.0
YPL029W	2227.0
YHR079C	2228.0
YJL010C	2229.0
YML079W	2230.0
YDR202C	2231.5
YOL122C	2231.5
YGR266W	2233.0
YDR292C	2234.0
YFR038W	2235.5
YDR067C	2235.5
YLR405W	2237.0
YJL156C	2238.0
YDR523C	2239.0
YHR129C	2240.0
YOR321W	2241.0
YBR269C	2242.0
YDR511W	2243.0
YFL011W	2244.5
YLL013C	2244.5
YHR137W	2246.0
YBR161W	2247.0
YFL017W-A	2248.0
YBR028C	2249.0
YMR125W	2250.0
YNL049C	2251.0
YPR154W	2252.0
YBL008W	2253.0
YNL284C	2254.0
YHL021C	2255.0
YEL006W	2256.0
YEL044W	2257.0
YDL130W-A	2258.0
YIR038C	2259.0
YBR207W	2260.0
YEL060C	2261.0
YCR035C	2262.0
YGR215W	2263.0
YOR281C	2264.5
YDL148C	2264.5
YJL122W	2266.0
YMR102C	2267.0
YLR066W	2268.0
YOL077W-A	2269.0
YBR244W	2270.0
YLR215C	2271.0
YBR185C	2272.0
YDL243C	2273.0
YNL201C	2274.0
YDR403W	2275.0
YPR189W	2276.0
YER155C	2277.0
YOR120W	2278.0
YLR324W	2279.0
YIL091C	2280.0
YDR400W	2281.0
YOL092W	2282.0
YOR358W	2283.0
YHR147C	2284.0
YDR161W	2285.0
YGL224C	2286.0
YKL172W	2287.0
YEL029C	2288.0
YPL095C	2289.0
YDL153C	2290.0
YDR330W	2291.0
YDR325W	2292.0
YJR082C	2293.0
YDR006C	2294.0
YKR076W	2295.0
YHL029C	2296.0
YOR232W	2297.0
YJL192C	2298.0
YIL166C	2299.0
YDL141W	2300.0
YMR188C	2301.0
YER134C	2302.0
YNL247W	2303.5
YGR234W	2303.5
YDR277C	2305.0
YGR233C	2306.0
YBR046C	2307.0
YNL238W	2308.5
YGR029W	2308.5
YIL062C	2310.0
YGL220W	2311.0
YJL008C	2312.0
YCL038C	2313.0
YNL115C	2314.0
YOR165W	2315.0
YLR299W	2316.0
YJL011C	2317.0
YLR149C	2318.0
YDR468C	2319.0
YOL027C	2320.0
YDR038C	2321.0
YKL125W	2322.0
YOL154W	2323.0
YPL236C	2324.0
YPR135W	2325.0
YPL111W	2326.0
YGR141W	2327.0
YPR133C	2328.0
YBR072W	2329.0
YJL183W	2330.0
YHR082C	2331.0
YGR223C	2332.0
YBL093C	2333.0
YNL175C	2334.0
YBR173C	2335.0
YCR027C	2336.0
YGR217W	2337.0
YDR016C	2338.0
YLL006W	2339.0
YNL157W	2340.5
YLR047C	2340.5
YML058W	2342.0
YLL012W	2343.0
YDR152W	2344.0
YPL258C	2345.0
YDL028C	2346.0
YDL095W	2347.0
YLR420W	2348.0
YJL134W	2349.0
YDL046W	2350.0
YOR245C	2351.0
YJL039C	2352.0
YIL039W	2353.0
YMR224C	2354.0
YDL122W	2355.0
YCR095C	2356.0
YGR126W	2357.0
YNL334C	2358.0
YOR175C	2359.0
YJR033C	2360.0
YHR114W	2361.0
YGL082W	2362.0
YBL035C	2363.0
YLR201C	2364.0
YEL061C	2365.0
YMR212C	2366.0
YBL084C	2367.0
YKL051W	2368.0
YGR270W	2369.0
YBR081C	2370.0
YNL291C	2371.0
YLR278C	2372.0
YDL173W	2373.0
YPR162C	2374.0
YPL151C	2375.0
YNL131W	2376.0
YHR120W	2377.0
YML087C	2378.0
YMR091C	2379.0
YNL097C	2380.0
YIL042C	2381.5
YNL280C	2381.5
YGR162W	2383.0
YMR043W	2384.0
YLR226W	2385.0
YNL197C	2386.0
YJL133C-A	2387.0
YDR214W	2388.0
YPL006W	2389.0
YBL038W	2390.0
YOR223W	2391.0
YDL040C	2392.0
YBR176W	2393.0
YNL212W	2394.0
YHR050W	2395.0
YLR387C	2396.0
YLR096W	2397.0
YLR189C	2398.0
YHL010C	2399.0
YNR070W	2400.0
YKL188C	2401.0
YHR077C	2402.0
YLR162W	2403.0
YOR056C	2404.0
YDR168W	2405.0
YPR141C	2406.0
YGL197W	2407.0
YGR178C	2408.0
YMR166C	2409.0
YDR298C	2410.0
YEL037C	2411.0
YBR104W	2412.0
YDR379C-A	2413.5
YBR043C	2413.5
YEL042W	2415.0
YDR406W	2416.0
YER048W-A	2417.0
YML015C	2418.0
YDR284C	2419.0
YOL022C	2420.0
YGL065C	2421.5
YMR216C	2421.5
YBL106C	2423.0
YLR225C	2424.0
YGR119C	2425.0
YIL104C	2426.0
YNL107W	2427.5
YJL149W	2427.5
YPL022W	2429.0
YPL101W	2430.5
YNL232W	2430.5
YKL027W	2432.0
YOR011W	2433.0
YOR339C	2434.0
YNL246W	2435.0
YNR011C	2436.0
YLR019W	2437.0
YPR037C	2438.0
YML067C	2439.0
YAL051W	2440.0
YLR418C	2441.0
YCL034W	2442.0
YJL138C	2443.0
YJL109C	2444.0
YBR111W-A	2445.0
YPR001W	2446.0
YDR333C	2447.0
YOR047C	2448.0
YBR179C	2449.0
YLR314C	2450.0
YPR175W	2451.0
YML130C	2452.0
YDR390C	2453.0
YPR036W	2454.0
YDR160W	2455.0
YBL004W	2456.0
YDL157C	2457.0
YLR164W	2458.0
YGL027C	2459.0
YJL151C	2460.0
YNR015W	2461.0
YBR058C	2462.0
YBL025W	2463.0
YBR267W	2464.0
YJR132W	2465.0
YPR022C	2466.5
YDL234C	2466.5
YOL071W	2468.5
YBR049C	2468.5
YDL194W	2470.0
YLR422W	2471.0
YCL011C	2472.0
YBR012W-B	2473.0
YOR004W	2474.0
YBR241C	2475.0
YOR340C	2476.0
YLR059C	2477.0
YER020W	2478.0
YMR173W	2479.0
YER174C	2480.0
YPR004C	2481.0
YPR023C	2482.0
YMR126C	2483.0
YMR278W	2484.0
YBR195C	2485.0
YOR171C	2486.0
YNL293W	2487.0
YDR294C	2488.0
YJR110W	2489.0
YMR090W	2490.0
YNL015W	2491.0
YHR100C	2492.0
YDL015C	2493.0
YNL227C	2494.5
YLR146C	2494.5
YDL193W	2496.0
YJL165C	2497.0
YNL039W	2498.0
YJL201W	2499.0
YMR127C	2500.0
YBL036C	2501.0
YOR215C	2502.0
YML098W	2503.0
YNL023C	2504.0
YGR205W	2505.0
YLR118C	2506.0
YOR025W	2507.5
YGL169W	2507.5
YJR085C	2509.0
YDR061W	2510.0
YIL144W	2511.0
YDR328C	2512.0
YBR151W	2513.5
YKL099C	2513.5
YOR131C	2515.0
YKL039W	2516.0
YBR193C	2517.0
YPL268W	2518.0
YKR067W	2519.0
YKR046C	2520.0
YIR017C	2521.0
YMR239C	2522.0
YDL144C	2523.0
YNL072W	2524.0
YDR055W	2525.0
YCR046C	2526.0
YML042W	2527.0
YML081W	2528.0
YDL078C	2529.0
YPL070W	2530.0
YNL281W	2531.0
YNL219C	2532.5
YPL173W	2532.5
YPR073C	2534.0
YPR157W	2535.0
YKL178C	2536.0
YBR279W	2537.0
YIL072W	2538.5
YOR330C	2538.5
YOR051C	2540.0
YCR030C	2541.0
YBR175W	2542.0
YOR190W	2543.0
YIR029W	2544.0
YKL198C	2545.0
YPR094W	2546.0
YPL133C	2547.0
YPR034W	2548.0
YBR265W	2549.0
YLR133W	2550.5
YOR322C	2550.5
YIL127C	2552.0
YBR205W	2553.0
YKL015W	2554.0
YIL156W-B	2555.0
YDR299W	2556.0
YNL129W	2557.0
YDR191W	2558.0
YGL164C	2559.0
YPR105C	2560.0
YER168C	2561.0
YJR107W	2562.0
YIL153W	2563.0
YLR223C	2564.0
YCL057C-A	2565.0
YHR057C	2566.0
YHL024W	2567.0
YJR028W	2568.0
YNL106C	2569.0
YIL156W	2570.0
YKR086W	2571.0
YLR032W	2572.0
YCR086W	2573.0
YPR125W	2574.0
YPR066W	2575.0
YDR122W	2576.0
YER161C	2577.0
YNL137C	2578.0
YHR132C	2579.0
YJR086W	2580.0
YJL084C	2581.0
YPR118W	2582.0
YNL024C	2583.0
YGL068W	2584.0
YBR096W	2585.0
YMR177W	2586.0
YDL085C-A	2587.0
YNL199C	2588.0
YPR020W	2589.0
YKR084C	2590.0
YER019C-A	2591.0
YJR144W	2592.0
YJL068C	2593.0
YHR090C	2594.0
YPL077C	2595.0
YDR175C	2597.0
YHR084W	2597.0
YDR266C	2597.0
YBR073W	2599.0
YMR107W	2600.0
YDL195W	2601.0
YOR221C	2602.0
YPL094C	2603.0
YKR039W	2604.0
YBL051C	2605.0
YLR251W	2606.0
YKR037C	2607.0
YHL004W	2608.0
YDR472W	2609.0
YMR311C	2610.0
YDR141C	2611.0
YOR286W	2612.0
YHR047C	2613.0
YER046W	2614.0
YLR099C	2615.0
YJR059W	2616.0
YOR118W	2617.0
YFL034W	2618.0
YDR380W	2619.0
YKL107W	2620.0
YFR023W	2621.0
YDR204W	2622.0
YPL065W	2623.0
YKL176C	2624.0
YDR334W	2625.0
YBR040W	2626.0
YEL056W	2627.0
YLR319C	2628.0
YFL009W	2629.0
YER151C	2630.0
YDR228C	2631.0
YKL049C	2632.0
YJR008W	2633.0
YPR098C	2634.5
YMR074C	2634.5
YBR180W	2636.0
YPL140C	2637.0
YNR034W-A	2638.0
YPR158W-B	2639.0
YBR289W	2640.0
YIL004C	2641.0
YER152C	2642.0
YBR042C	2643.0
YPL013C	2644.0
YOR390W	2645.0
YLR178C	2646.0
YFL055W	2647.0
YHR023W	2648.0
YDR316W-B	2649.0
YMR190C	2650.0
YDR166C	2651.0
YOL136C	2652.0
YPR186C	2653.0
YDR302W	2654.0
YDR027C	2655.0
YGL227W	2656.0
YDR185C	2657.0
YHR119W	2658.0
YDR376W	2659.0
YBR077C	2660.0
YGL196W	2661.0
YOR124C	2662.0
YNL111C	2663.0
YML045W	2664.0
YLR301W	2665.0
YJR113C	2666.0
YLL038C	2667.5
YBR210W	2667.5
YMR140W	2669.5
YDR316W	2669.5
YPR089W	2671.0
YLR206W	2672.0
YMR115W	2673.0
YOR115C	2674.0
YIR023W	2675.0
YNL261W	2676.0
YCR088W	2677.0
YJL095W	2678.0
YJR126C	2679.0
YML048W	2680.0
YLR083C	2681.0
YHR121W	2682.0
YIR027C	2683.0
YOL069W	2684.0
YDR268W	2685.0
YBR036C	2686.0
YCR048W	2687.0
YDR352W	2688.0
YIL064W	2689.0
YER138C	2690.0
YJR006W	2691.0
YMR279C	2692.0
YNL035C	2693.0
YPL257W-B	2694.0
YGR194C	2695.0
YDL042C	2696.0
YHR028C	2697.0
YLR130C	2698.0
YBR237W	2699.0
YDR412W	2700.0
YLR157C-B	2701.0
YML004C	2702.0
YPR055W	2703.0
YGR076C	2704.0
YML039W	2705.0
YCR042C	2706.0
YOL103W-B	2707.0
YPR129W	2708.0
YLR088W	2709.0
YGR229C	2710.0
YML021C	2711.0
YMR050C	2712.0
YNL056W	2713.0
YHL013C	2714.0
YOR103C	2715.0
YER127W	2716.0
YJL092W	2717.0
YJL042W	2718.0
YDR100W	2719.5
YGL018C	2719.5
YJR029W	2721.5
YHR214C-B	2721.5
YIL145C	2723.0
YGR247W	2724.0
YNL156C	2725.0
YCR079W	2726.0
YKL205W	2727.0
YGR271C-A	2728.0
YGR021W	2729.0
YDR484W	2730.0
YNL240C	2731.0
YAL049C	2732.0
YDR354W	2733.0
YMR011W	2734.0
YCR044C	2735.0
YIR005W	2736.0
YOR006C	2737.0
YHR110W	2738.0
YOR141C	2739.0
YIL088C	2740.0
YNL273W	2741.0
YOR265W	2742.5
YHR144C	2742.5
YGR058W	2744.0
YMR193W	2745.0
YMR068W	2746.0
YOR081C	2747.0
YLR205C	2748.0
YDL056W	2749.0
YFR029W	2750.0
YLR425W	2751.0
YHR076W	2752.5
YCL031C	2752.5
YGL014W	2754.0
YFR014C	2755.0
YDL149W	2756.0
YJL219W	2757.0
YDR036C	2758.0
YGR027W-B	2759.0
YBR140C	2760.0
YDR444W	2761.0
YPL223C	2762.0
YGL157W	2763.0
YKL072W	2764.0
YLR035C-A	2765.0
YLR295C	2766.0
YBR024W	2767.0
YER163C	2768.0
YMR005W	2769.0
YFL026W	2770.5
YLR104W	2770.5
YDL138W	2772.0
YGR161C-D	2773.0
YBR056W	2774.0
YPL272C	2775.0
YDL146W	2776.0
YDR296W	2777.0
YDL012C	2778.0
YDL019C	2779.0
YNR054C	2780.0
YDR465C	2781.0
YBR060C	2782.0
YGL233W	2783.0
YER080W	2784.0
YEL063C	2785.0
YHR044C	2786.0
YDL018C	2787.0
YHR048W	2788.0
YJL059W	2789.0
YIL076W	2790.0
YJL154C	2791.0
YPR117W	2792.5
YPL227C	2792.5
YPL150W	2794.0
YBL086C	2795.0
YDR231C	2796.0
YDL103C	2797.0
YPR185W	2798.0
YJL055W	2799.0
YHR102W	2800.0
YBL098W	2801.0
YLR086W	2802.0
YBR059C	2803.0
YDR242W	2804.0
YJR116W	2805.0
YKL010C	2806.0
YGR007W	2807.0
YER029C	2808.0
YGR052W	2809.5
YHR091C	2809.5
YDL116W	2811.0
YNL315C	2812.0
YAR009C	2813.0
YCL004W	2814.0
YDR332W	2815.0
YPR158C-D	2816.0
YOR049C	2817.0
YIL056W	2818.5
YKL139W	2818.5
YOL078W	2820.0
YKL089W	2821.0
YJL184W	2822.0
YGR136W	2823.0
YOR231W	2824.0
YOL135C	2825.0
YOL026C	2826.0
YBL057C	2827.0
YNL237W	2828.0
YGL209W	2829.5
YLR151C	2829.5
YKL201C	2831.0
YLR239C	2832.5
YDL113C	2832.5
YDL176W	2834.0
YER016W	2835.0
YPR006C	2836.0
YHR181W	2837.0
YER172C	2838.0
YML095C	2839.5
YJL196C	2839.5
YHR148W	2841.0
YBR293W	2842.0
YER010C	2843.0
YIL006W	2844.0
YGL064C	2845.0
YJL194W	2846.0
YNL125C	2847.0
YGR068C	2848.0
YMR222C	2849.0
YDL133W	2850.0
YFL030W	2851.0
YOR059C	2852.0
YNR019W	2853.0
YGL041W-A	2854.0
YCR051W	2855.0
YER004W	2856.0
YOL096C	2857.0
YML102W	2858.0
YDR481C	2859.0
YNR039C	2860.0
YOR251C	2861.0
YJR073C	2862.0
YGR059W	2863.0
YDR222W	2864.0
YOR153W	2865.0
YDR272W	2866.0
YDR140W	2867.0
YDR040C	2868.0
YMR275C	2869.0
YNL297C	2870.0
YMR045C	2871.0
YKL088W	2872.0
YNL306W	2873.0
YKR034W	2874.0
YAL013W	2875.0
YJL139C	2876.5
YKL134C	2876.5
YEL020C	2878.0
YNL122C	2879.0
YHL030W	2880.0
YPL096W	2881.0
YBL005W-B	2882.5
YOR079C	2882.5
YDR326C	2884.0
YPL118W	2885.0
YOR142W-B	2886.0
YHL034C	2887.0
YOL149W	2888.0
YDL025C	2889.0
YMR293C	2890.0
YPL195W	2891.0
YGR095C	2892.0
YIL096C	2893.0
YPR084W	2894.0
YNL311C	2895.0
YJL102W	2896.0
YDR020C	2897.0
YML065W	2898.0
YMR100W	2899.0
YLR452C	2900.0
YDR306C	2901.0
YFL040W	2902.0
YPL074W	2903.0
YCR061W	2904.0
YJR067C	2905.0
YDL033C	2906.0
YJR032W	2907.0
YNR021W	2908.0
YHR171W	2909.0
YGR227W	2910.5
YKL006C-A	2910.5
YJR098C	2912.0
YPR172W	2913.5
YDR387C	2913.5
YIL087C	2915.0
YML025C	2916.0
YML099C	2917.0
YKR021W	2918.0
YER170W	2919.0
YJL204C	2920.0
YOL087C	2921.0
YPL219W	2922.0
YLR437C	2923.5
YJR125C	2923.5
YHR052W	2925.0
YPR179C	2926.0
YDR462W	2927.0
YOR378W	2928.0
YOL151W	2929.0
YIL136W	2930.0
YNL116W	2931.0
YLR257W	2932.0
YCL039W	2933.0
YOL112W	2934.0
YOR085W	2935.0
YDR479C	2936.0
YBR229C	2937.0
YJR131W	2938.0
YMR087W	2939.0
YNR064C	2940.0
YNL182C	2941.0
YER079W	2942.0
YGR056W	2943.0
YOR316C	2944.0
YNR033W	2945.0
YEL038W	2946.0
YKR099W	2947.0
YDR483W	2948.0
YEL009C	2949.0
YHR012W	2950.0
YIR002C	2951.0
YOR071C	2952.0
YEL062W	2953.0
YHL020C	2954.0
YOR252W	2955.0
YDL013W	2956.0
YJL071W	2957.0
YMR077C	2958.0
YJL029C	2959.0
YDR264C	2960.0
YGL127C	2961.0
YGL039W	2962.0
YDL218W	2963.0
YFL048C	2964.0
YGR241C	2965.0
YBR301W	2966.0
YJL070C	2967.0
YGR170W	2968.0
YLR081W	2969.0
YOR328W	2970.0
YCR105W	2971.0
YPL146C	2972.0
YMR078C	2973.0
YML059C	2974.0
YBR097W	2975.0
YML108W	2976.0
YMR167W	2977.0
YNL152W	2978.0
YKL095W	2979.0
YLR390W	2980.0
YHR031C	2981.5
YGL258W	2981.5
YDL079C	2983.0
YDL048C	2984.0
YHR115C	2985.0
YIL130W	2986.0
YDR176W	2987.0
YLR107W	2988.0
YLR246W	2989.0
YPR091C	2990.0
YDR419W	2991.0
YGR157W	2992.0
YLR454W	2993.0
YER087W	2994.0
YCL012C	2995.0
YGL129C	2996.0
YGL172W	2997.0
YKL077W	2998.0
YLR421C	2999.0
YLR290C	3000.0
YIR007W	3001.0
YNL066W	3002.0
YPL210C	3003.0
YOL132W	3004.5
YGL085W	3004.5
YNR048W	3006.0
YFL003C	3007.0
YMR210W	3008.0
YKR088C	3009.0
YDR261C	3010.5
YDR364C	3010.5
YGL067W	3012.0
YKL155C	3013.0
YJL129C	3014.0
YLR449W	3015.0
YPL009C	3016.0
YCR024C	3017.0
YDL170W	3018.0
YML014W	3019.0
YKR048C	3020.0
YDR069C	3021.0
YLR152C	3022.0
YDR041W	3023.0
YPR042C	3024.0
YCL010C	3025.0
YKR051W	3026.0
YGR250C	3027.0
YIL085C	3028.0
YNL080C	3029.0
YPL084W	3030.0
YOR344C	3031.0
YPL206C	3032.0
YBR270C	3033.0
YJR052W	3034.0
YLR455W	3035.0
YGL221C	3036.5
YOR022C	3036.5
YOL056W	3039.0
YMR228W	3039.0
YPR010C-A	3039.0
YLR077W	3041.0
YBR053C	3042.0
YKL075C	3043.0
YLR214W	3044.0
YOR386W	3045.0
YGR248W	3046.0
YLR283W	3047.0
YDR171W	3048.0
YIR033W	3049.0
YGL181W	3050.0
YPR161C	3051.0
YMR110C	3052.0
YOR250C	3053.0
YBR280C	3054.0
YCL029C	3055.0
YPL183W-A	3056.0
YNL318C	3057.0
YML032C	3058.0
YKR095W-A	3059.0
YER182W	3060.0
YER002W	3061.0
YEL058W	3062.0
YOL041C	3063.0
YBR246W	3064.0
YDL222C	3065.0
YDR492W	3066.0
YNL329C	3067.0
YMR253C	3068.0
YPL011C	3069.0
YPR124W	3070.0
YGR049W	3071.0
YBR133C	3072.0
YBL061C	3073.0
YMR020W	3074.0
YBL080C	3075.0
YHR188C	3076.0
YDL036C	3077.0
YGL251C	3078.0
YPR107C	3079.0
YER180C-A	3080.0
YLR024C	3081.0
YPL097W	3082.0
YDL008W	3083.0
YOR219C	3084.0
YPL110C	3085.0
YMR035W	3086.0
YDL207W	3087.0
YPR025C	3088.0
YHL036W	3089.0
YFL017C	3090.0
YIL123W	3091.0
YCL048W	3092.0
YPR104C	3093.0
YLR023C	3094.0
YGR074W	3095.0
YJR057W	3096.0
YMR211W	3097.0
YNL084C	3098.0
YPL165C	3099.0
YDR542W	3100.0
YDR235W	3101.0
YGR208W	3102.0
YGL151W	3103.0
YGL045W	3104.0
YGL121C	3105.0
YLR417W	3106.0
YLR093C	3107.0
YIL140W	3108.0
YKR055W	3109.0
YOR227W	3110.0
YER061C	3111.0
YBL103C	3112.0
YGL016W	3113.0
YJR043C	3114.0
YIL131C	3115.0
YLR063W	3116.0
YPR144C	3117.0
YFR045W	3118.0
YGR110W	3119.0
YMR053C	3120.0
YLR427W	3121.0
YDR436W	3122.0
YDR329C	3123.0
YHR139C	3124.0
YLL058W	3125.0
YCR036W	3126.0
YJR101W	3127.0
YDR303C	3128.0
YJL214W	3129.0
YLR439W	3130.0
YPR097W	3131.0
YPR063C	3132.0
YHR207C	3133.0
YHL046C	3134.0
YOL008W	3135.0
YLL062C	3136.0
YDR261C-D	3137.0
YGR004W	3138.0
YCR087C-A	3139.0
YER005W	3140.0
YKL087C	3141.0
YDL052C	3142.0
YDR145W	3143.0
YGR171C	3144.0
YLL027W	3145.0
YPR003C	3146.5
YDL104C	3146.5
YDR517W	3148.0
YER022W	3149.0
YGR101W	3150.0
YLR336C	3151.0
YJL193W	3152.0
YNR071C	3153.5
YDR004W	3153.5
YPL104W	3155.0
YLR177W	3156.5
YOL116W	3156.5
YPL137C	3158.0
YER175C	3159.0
YJL146W	3160.0
YOR038C	3161.0
YNL110C	3162.0
YMR113W	3163.0
YER037W	3164.0
YBR067C	3165.0
YDL123W	3166.0
YKL137W	3167.0
YOL018C	3168.0
YKL130C	3169.0
YGL231C	3170.0
YPL187W	3171.0
YEL065W	3172.0
YAL068C	3173.0
YGL049C	3174.0
YBR112C	3175.5
YPR032W	3175.5
YPR079W	3177.5
YNL265C	3177.5
YLR414C	3179.0
YOR377W	3180.0
YJL057C	3181.0
YNL095C	3182.0
YHR202W	3183.0
YER014W	3184.0
YDR519W	3185.0
YCR092C	3186.0
YMR004W	3187.0
YOR267C	3188.0
YER183C	3189.0
YNL127W	3190.0
YFL060C	3191.0
YNL012W	3192.0
YLR015W	3193.0
YLL009C	3194.0
YOR280C	3195.0
YJR046W	3196.0
YNR038W	3197.0
YDR441C	3198.0
YNL094W	3199.0
YDR322C-A	3200.0
YHL047C	3201.0
YOR036W	3202.0
YOR054C	3203.0
YLR207W	3204.0
YML128C	3205.5
YNL328C	3205.5
YGR258C	3207.5
YMR084W	3207.5
YDL090C	3209.0
YPL199C	3210.0
YER050C	3211.0
YPL069C	3212.0
YPL075W	3213.0
YCR068W	3214.0
YIL030C	3215.0
YDR348C	3216.0
YCR073C	3217.0
YGL219C	3218.0
YAL024C	3219.0
YJR140C	3220.0
YJL117W	3221.0
YNL077W	3222.0
YMR284W	3223.0
YNL153C	3224.0
YJL096W	3225.0
YER159C	3226.0
YKL175W	3227.0
YDR398W	3228.0
YPL246C	3229.0
YOR299W	3230.0
YJL087C	3231.0
YHR175W	3232.0
YFR011C	3233.0
YMR171C	3234.0
YJR042W	3235.0
YML112W	3236.0
YGL083W	3237.0
YLR054C	3238.0
YKL038W	3239.0
YML097C	3240.0
YFR036W	3241.0
YGR225W	3242.0
YOL142W	3243.0
YBL058W	3244.0
YPL279C	3245.0
YDR499W	3246.0
YLR052W	3247.0
YOR371C	3248.0
YKL209C	3249.0
YDR252W	3250.0
YDL091C	3251.0
YBR091C	3252.0
YGR261C	3253.0
YOR380W	3254.0
YNL068C	3255.0
YDR386W	3256.0
YOR018W	3257.0
YKL128C	3258.0
YHL002W	3259.0
YOL001W	3260.0
YDR110W	3261.0
YMR072W	3262.0
YJL206C	3263.0
YNL160W	3264.0
YIL017C	3265.0
YNL005C	3266.5
YIL095W	3266.5
YJL127C	3268.5
YBL040C	3268.5
YPL040C	3270.0
YML060W	3271.0
YLR459W	3272.0
YDL093W	3273.0
YNL208W	3274.0
YHR164C	3275.0
YPL274W	3276.0
YDL106C	3277.0
YOL080C	3278.0
YKR105C	3279.0
YLR114C	3280.0
YMR201C	3281.0
YBR212W	3282.0
YBR015C	3283.0
YHR079C-A	3284.5
YOR101W	3284.5
YOR389W	3286.0
YPR153W	3287.0
YGR167W	3288.0
YPL183C	3289.0
YNL224C	3290.0
YGL141W	3291.0
YCR075C	3292.0
YDR305C	3293.0
YLR373C	3294.0
YOR355W	3295.0
YGR017W	3296.0
YDR028C	3297.0
YHR041C	3298.0
YLR407W	3299.0
YCR091W	3300.5
YNR006W	3300.5
YNL299W	3302.0
YKL025C	3303.0
YML020W	3304.0
YBR153W	3305.5
YPR196W	3305.5
YLR403W	3307.0
YHR004C	3308.0
YLR117C	3309.0
YDR322W	3310.0
YGR237C	3311.0
YMR267W	3312.0
YDR117C	3313.0
YDR236C	3314.0
YGL208W	3315.0
YLR245C	3316.0
YER040W	3317.0
YOR137C	3318.0
YOR292C	3319.0
YLL010C	3320.0
YDR070C	3321.0
YOL043C	3322.0
YGL240W	3323.0
YNL130C	3324.0
YPL155C	3325.5
YEL040W	3325.5
YIL114C	3327.0
YEL043W	3328.0
YLR033W	3329.0
YPR137C-B	3330.0
YEL049W	3331.0
YDR437W	3332.0
YMR028W	3333.0
YKR060W	3334.0
YAR019C	3335.0
YER058W	3336.0
YLR068W	3337.0
YAL039C	3338.0
YBR183W	3339.0
YBR069C	3340.0
YNL026W	3341.0
YGR120C	3342.0
YJR062C	3343.0
YBR217W	3344.0
YNL186W	3345.0
YNR072W	3346.0
YDR087C	3347.0
YLR218C	3348.0
YNL256W	3349.0
YNL221C	3350.0
YDR407C	3351.0
YDL150W	3352.0
YLR144C	3353.0
YMR283C	3354.0
YDR367W	3355.0
YCR081W	3356.5
YKR008W	3356.5
YOL107W	3358.0
YKR071C	3359.0
YPL123C	3360.0
YDR169C	3361.0
YLR392C	3362.0
YOR003W	3363.0
YBR203W	3364.5
YDR533C	3364.5
YPL115C	3366.0
YLR097C	3367.0
YNL048W	3368.5
YOR180C	3368.5
YMR041C	3370.5
YML088W	3370.5
YKR027W	3372.0
YMR112C	3373.0
YML018C	3374.0
YMR023C	3375.0
YGL232W	3376.0
YOR285W	3377.0
YNL172W	3378.0
YHR103W	3379.0
YBR103W	3380.0
YLR105C	3381.0
YDR052C	3382.0
YNL087W	3383.0
YNL284C-B	3384.0
YGL192W	3385.0
YGR033C	3386.0
YNR067C	3387.0
YPR180W	3388.0
YOR296W	3389.0
YKL065C	3390.0
YDR415C	3391.0
YMR021C	3392.0
YOR007C	3393.0
YIL019W	3394.0
YOR106W	3395.0
YDR077W	3396.0
YNL326C	3397.0
YGR276C	3398.0
YAL046C	3399.0
YPL222W	3400.0
YLR126C	3401.0
YLR191W	3402.0
YKL183W	3403.0
YJL025W	3404.0
YDR463W	3405.0
YGR289C	3406.0
YGR038C-B	3407.0
YDR365W-B	3408.0
YGR161C	3409.0
YLR343W	3410.0
YEL041W	3411.0
YOR279C	3412.0
YMR280C	3413.0
YOL009C	3414.0
YOR360C	3415.0
YIL150C	3416.0
YKL026C	3417.0
YBR255W	3418.0
YLR045C	3419.0
YKR096W	3420.0
YAL033W	3421.0
YLR242C	3422.0
YPL124W	3423.0
YIL011W	3424.0
YPR147C	3425.0
YKL057C	3426.0
YBR158W	3427.0
YGR112W	3428.0
YPL032C	3429.5
YGL086W	3429.5
YJL180C	3431.5
YGL066W	3431.5
YKL173W	3433.0
YGR169C-A	3434.0
YBR129C	3435.0
YCR075W-A	3436.0
YOR363C	3437.0
YJR093C	3438.0
YCL069W	3439.0
YKL167C	3440.0
YIL120W	3441.0
YNL194C	3442.0
YGL021W	3443.0
YHR168W	3444.0
YLR115W	3445.0
YOR192C	3446.0
YHR151C	3447.0
YER114C	3448.0
YKL149C	3449.0
YER119C	3450.0
YER075C	3451.0
YLR284C	3452.0
YNL223W	3453.0
YLL035W	3454.0
YDR347W	3455.0
YBR147W	3456.0
YDR320C-A	3457.0
YLR227W-B	3458.0
YLR200W	3459.0
YBL097W	3460.5
YGL248W	3460.5
YBL101C	3462.0
YBR242W	3463.0
YDR505C	3464.0
YDR541C	3465.0
YNL257C	3466.0
YHR075C	3467.0
YMR220W	3468.0
YOL095C	3469.0
YPL045W	3470.0
YNL206C	3471.0
YDR201W	3472.0
YOR181W	3473.0
YDL155W	3474.0
YNL165W	3475.0
YEL002C	3477.0
YER129W	3477.0
YDR182W	3477.0
YBR298C	3479.0
YIL061C	3480.0
YDR410C	3481.5
YPL242C	3481.5
YKR028W	3483.0
YGR140W	3484.0
YAL001C	3485.5
YGL013C	3485.5
YJL041W	3487.0
YPR065W	3488.0
YMR287C	3489.0
YOL051W	3490.0
YGR009C	3491.0
YFL001W	3492.0
YMR009W	3493.0
YPL141C	3494.0
YDR096W	3495.0
YPL008W	3496.0
YGL203C	3497.0
YDR244W	3498.0
YNL098C	3499.0
YPR048W	3500.0
YDR178W	3501.0
YLR014C	3502.0
YKR072C	3503.0
YPL157W	3504.0
YBL028C	3505.0
YLR067C	3506.0
YNL004W	3507.0
YPL076W	3508.5
YKL073W	3508.5
YOR110W	3510.0
YHR124W	3511.0
YDR243C	3512.0
YIL001W	3513.5
YDR405W	3513.5
YLR210W	3515.0
YJR027W	3516.0
YDL177C	3517.0
YIL097W	3518.0
YDL183C	3519.0
YHR215W	3520.0
YOR359W	3521.0
YBR231C	3522.0
YER162C	3523.0
YJL097W	3524.0
YOR353C	3525.0
YOR269W	3526.0
YHL023C	3527.0
YEL023C	3528.0
YDR080W	3529.0
YCR083W	3530.0
YGR096W	3531.0
YDR520C	3532.0
YPL127C	3533.0
YDR186C	3534.5
YLL064C	3534.5
YLR395C	3536.0
YCR021C	3537.0
YPR169W	3538.0
YKL191W	3539.0
YOR289W	3540.5
YJL091C	3540.5
YER008C	3542.0
YHL007C	3543.0
YLR003C	3544.0
YIR006C	3545.0
YLL023C	3546.0
YDR310C	3547.5
YDR003W	3547.5
YJL058C	3549.0
YOR010C	3550.0
YBR047W	3551.0
YBL029C-A	3552.0
YDL224C	3553.0
YNL139C	3554.0
YBR288C	3555.0
YHR040W	3556.0
YCL028W	3557.0
YDR391C	3558.0
YHR172W	3559.0
YMR181C	3560.0
YBL005W	3561.0
YDL063C	3562.0
YBR233W	3563.0
YDR049W	3564.0
YDL121C	3565.0
YML006C	3566.0
YEL019C	3567.0
YGL050W	3568.0
YKL069W	3569.0
YBR004C	3570.5
YJL160C	3570.5
YDL209C	3572.0
YJL031C	3573.0
YGL215W	3574.0
YDL105W	3575.0
YKR100C	3576.0
YJR088C	3577.0
YDL054C	3578.0
YLR182W	3579.0
YHR185C	3580.0
YER111C	3581.0
YDL074C	3582.0
YHR085W	3583.0
YHR187W	3584.0
YGR036C	3585.0
YLR361C	3586.0
YOL072W	3587.0
YDR538W	3588.0
YGR201C	3589.0
YKL116C	3590.5
YNL180C	3590.5
YLR446W	3592.0
YLR435W	3593.0
YMR155W	3594.0
YDR255C	3595.0
YER047C	3596.0
YFL044C	3597.0
YML096W	3598.0
YDR527W	3599.0
YDL115C	3600.0
YOR194C	3601.5
YJL062W	3601.5
YJR055W	3603.0
YBR187W	3604.0
YIR036C	3605.0
YDR525W-A	3606.0
YDR007W	3607.0
YIL139C	3608.0
YHR158C	3609.0
YPR114W	3610.0
YOL073C	3611.0
YNR049C	3612.0
YPL189C-A	3613.0
YGL241W	3614.0
YPL181W	3615.0
YNL091W	3616.0
YBL017C	3617.0
YPL243W	3618.0
YJR158W	3619.0
YAR008W	3620.0
YOR143C	3621.0
YNR030W	3622.0
YPR029C	3623.0
YLR326W	3624.0
YNL082W	3625.0
YBR240C	3626.0
YDR173C	3627.0
YBR105C	3628.0
YJR127C	3629.0
YIL045W	3630.0
YDR210W-B	3631.0
YOR329C	3632.5
YGR070W	3632.5
YKL084W	3634.0
YJL123C	3635.0
YJR053W	3636.0
YER083C	3637.0
YGL104C	3638.0
YBR225W	3639.0
YHL008C	3640.0
YDR362C	3641.0
YCR102C	3642.0
YLR364W	3643.0
YBR122C	3644.0
YER142C	3645.0
YIL016W	3646.0
YAL040C	3647.0
YEL007W	3648.0
YJL002C	3649.0
YPR148C	3650.0
YOL137W	3651.0
YDL238C	3652.0
YLR456W	3653.0
YPL189W	3654.0
YOR152C	3655.0
YJL035C	3656.0
YOR192C-B	3657.0
YDR156W	3658.0
YGR277C	3659.0
YPL053C	3660.0
YOR288C	3661.0
YPR008W	3662.0
YMR152W	3663.0
YGR158C	3664.0
YOL156W	3665.0
YMR227C	3666.0
YOR256C	3667.0
YML011C	3668.0
YLR012C	3669.0
YBR199W	3670.0
YDR210C-D	3671.0
YPL024W	3672.0
YGL010W	3673.0
YKR050W	3674.0
YBR120C	3675.0
YOL141W	3676.0
YAL010C	3677.0
YIR011C	3678.0
YDR493W	3679.0
YOR201C	3680.0
YNL076W	3681.0
YOR045W	3682.0
YOR191W	3683.0
YDR357C	3684.0
YER176W	3685.5
YDR107C	3685.5
YOR033C	3687.0
YPL167C	3688.0
YGL035C	3689.5
YDR121W	3689.5
YLR037C	3691.0
YBR257W	3692.0
YDR017C	3693.0
YLR443W	3694.0
YCL032W	3695.0
YMR263W	3696.0
YKL218C	3697.0
YLR457C	3698.0
YOL063C	3699.5
YGL133W	3699.5
YOR174W	3701.0
YAL034C	3702.0
YGL079W	3703.0
YDR216W	3704.0
YNL047C	3705.0
YHR029C	3706.0
YGL161C	3707.0
YNL054W	3708.0
YNL093W	3709.0
YDL203C	3710.0
YBL055C	3711.0
YIL026C	3712.0
YDR115W	3713.0
YDR078C	3714.0
YJR102C	3715.0
YHR086W	3716.0
YHR127W	3717.0
YGR156W	3718.0
YFL010C	3719.0
YOL065C	3720.0
YOR123C	3721.5
YML017W	3721.5
YKR053C	3723.0
YKL121W	3724.0
YPL244C	3725.0
YJL063C	3726.0
YPL176C	3727.0
YMR252C	3728.0
YIL137C	3729.0
YPR027C	3730.0
YLR136C	3731.0
YML104C	3732.5
YLR423C	3732.5
YNL092W	3734.0
YMR256C	3735.0
YJR112W	3736.0
YIR042C	3737.0
YHR161C	3738.0
YHL026C	3739.0
YNL041C	3740.0
YGR213C	3741.0
YDR034C-D	3742.0
YOL102C	3743.0
YMR097C	3744.0
YHR011W	3745.0
YPL107W	3746.0
YDR452W	3747.0
YJL098W	3748.0
YOR158W	3749.0
YML117W	3750.0
YJL197W	3751.0
YLR396C	3752.0
YGL073W	3753.0
YJR061W	3754.0
YFR013W	3755.0
YOL138C	3756.0
YGR128C	3757.0
YDR132C	3758.0
YDL049C	3759.0
YMR207C	3760.0
YGR288W	3761.0
YOR387C	3762.5
YKL100C	3762.5
YLR346C	3764.0
YAL043C	3765.0
YOR352W	3766.0
YOR372C	3767.0
YER160C	3768.0
YFR022W	3769.0
YDR247W	3770.0
YHL019C	3771.0
YKR098C	3772.0
YMR101C	3773.0
YJL093C	3774.0
YHR118C	3775.5
YMR130W	3775.5
YOL003C	3777.0
YIL049W	3778.0
YKR082W	3779.0
YGR224W	3780.0
YDR522C	3781.0
YKL020C	3782.0
YDR218C	3783.0
YDL043C	3784.0
YGL017W	3785.0
YGL155W	3786.0
YGL110C	3787.0
YHR198C	3788.0
YHR199C	3789.0
YIL151C	3790.0
YDR229W	3791.0
YOR111W	3792.0
YNL294C	3793.0
YBL085W	3794.0
YDR425W	3795.0
YMR047C	3796.0
YPL277C	3797.0
YBR052C	3798.0
YPR155C	3799.0
YDR374W-A	3800.0
YLR224W	3801.0
YLR120C	3802.0
YPR178W	3803.0
YBL018C	3804.0
YGR161W-B	3805.5
YFL002W-A	3805.5
YGR111W	3807.0
YMR032W	3808.0
YPL038W	3809.0
YKL101W	3810.0
YCR043C	3811.0
YER059W	3812.0
YDL202W	3813.0
YFR003C	3814.0
YBL090W	3815.0
YHR134W	3816.0
YOL113W	3817.0
YMR040W	3818.5
YCL019W	3818.5
YHR155W	3820.0
YJR013W	3821.0
YGL185C	3822.0
YJL126W	3823.0
YBR062C	3824.0
YPL224C	3825.0
YOR205C	3826.0
YBR250W	3827.0
YCL016C	3828.0
YDR476C	3829.0
YPR061C	3830.0
YJL207C	3831.0
YOR040W	3832.0
YFR027W	3833.0
YPL020C	3834.0
YDR323C	3835.0
YIL157C	3836.0
YKL112W	3837.0
YML027W	3838.0
YMR135C	3839.0
YHR003C	3840.0
YHR163W	3841.0
YMR168C	3842.0
YKL220C	3843.0
YOR346W	3844.0
YPL120W	3845.0
YLR064W	3846.0
YCL052C	3847.0
YDR183W	3848.0
YKL086W	3849.0
YDR098C-B	3850.0
YBR057C	3851.0
YPR036W-A	3852.0
YDR514C	3853.0
YJL163C	3854.0
YKR025W	3855.0
YLR213C	3856.0
YBR228W	3857.0
YHL039W	3858.0
YBR167C	3859.0
YIL110W	3860.0
YDL127W	3861.0
YFR012W-A	3862.0
YLR148W	3863.0
YBL089W	3864.0
YEL055C	3865.0
YDL024C	3866.0
YDR104C	3867.0
YBL019W	3868.0
YIL027C	3869.0
YBL100W-B	3870.0
YJR149W	3871.0
YJR054W	3872.0
YGL183C	3873.0
YPL108W	3874.0
YPR030W	3875.0
YHR131C	3876.0
YLL061W	3877.0
YPL092W	3878.0
YHR150W	3880.0
YPL001W	3880.0
YER167W	3880.0
YCL026C-A	3882.0
YOR001W	3883.0
YLR006C	3884.0
YDR125C	3885.0
YIL128W	3886.0
YDR435C	3887.0
YKL070W	3888.0
YDL245C	3889.0
YGL033W	3890.0
YER157W	3891.0
YPR067W	3892.5
YPR120C	3892.5
YML076C	3894.0
YNL316C	3895.0
YPL016W	3896.0
YPR143W	3897.0
YNL040W	3898.0
YPL194W	3899.0
YMR106C	3900.0
YNL217W	3901.0
YER112W	3902.0
YML052W	3903.0
YIL134W	3904.0
YGR130C	3905.0
YDR518W	3906.0
YIL119C	3907.0
YGR127W	3908.0
YBR233W-A	3909.0
YNL253W	3910.5
YPR128C	3910.5
YDL167C	3912.0
YKL012W	3913.0
YDL216C	3914.0
YOR005C	3915.0
YLR410W-B	3916.0
YLR306W	3917.0
YDR146C	3918.0
YLR072W	3919.0
YMR031C	3920.0
YDR072C	3921.0
YNL073W	3922.0
YDL199C	3923.0
YCL047C	3924.0
YPR198W	3925.0
YLR070C	3926.0
YDR289C	3927.0
YOR104W	3928.0
YPR031W	3929.0
YEL069C	3930.0
YPR075C	3931.0
YDR076W	3932.0
YJR022W	3933.0
YLR247C	3934.0
YIL010W	3935.0
YDL175C	3936.0
YHR078W	3937.0
YDR374C	3938.0
YPL113C	3939.0
YPR151C	3940.0
YIL073C	3941.0
YNL242W	3942.0
YKL168C	3943.0
YFR017C	3944.0
YBR220C	3945.0
YBL049W	3946.5
YGL198W	3946.5
YMR148W	3948.0
YHR201C	3949.0
YOL033W	3950.0
YKL007W	3951.0
YCR054C	3952.0
YOR319W	3953.0
YLR438C-A	3954.0
YOL049W	3955.0
YKL187C	3956.0
YGR216C	3957.0
YLR312W-A	3958.0
YMR111C	3959.0
YGR134W	3960.5
YEL048C	3960.5
YML091C	3962.0
YPR070W	3963.0
YOR304C-A	3964.0
YNR026C	3965.0
YNL272C	3966.0
YIR009W	3967.0
YDR165W	3968.0
YDL003W	3969.0
YCR065W	3970.0
YKL061W	3971.0
YER132C	3972.0
YGL038C	3973.0
YDR359C	3974.0
YBL067C	3975.0
YAL031C	3976.0
YJR060W	3977.0
YJR056C	3978.0
YAL011W	3979.0
YJL223C	3980.0
YDR089W	3981.0
YDR088C	3982.0
YLR127C	3983.0
YGR066C	3984.0
YHR184W	3985.0
YJL016W	3986.0
YMR251W	3987.0
YGL028C	3988.0
YGL124C	3989.0
YOL100W	3990.0
YER098W	3991.0
YDL059C	3992.0
YJL186W	3993.5
YNL252C	3993.5
YOL114C	3995.0
YDR261W-B	3996.0
YLR065C	3997.0
YCL037C	3998.0
YLR143W	3999.0
YFL025C	4000.5
YNL119W	4000.5
YIL082W-A	4002.0
YOL089C	4003.0
YDL077C	4004.0
YGR263C	4005.0
YLR390W-A	4006.0
YNR014W	4007.0
YIR030C	4008.0
YDR254W	4009.0
YNL126W	4010.0
YBR213W	4011.5
YIL093C	4011.5
YPL233W	4013.0
YJR074W	4014.0
YJL100W	4015.0
YHR045W	4016.0
YOL158C	4017.0
YNL295W	4018.0
YGL107C	4019.0
YDR109C	4020.0
YJR084W	4021.0
YMR019W	4022.0
YNL304W	4023.0
YPL213W	4024.0
YMR117C	4025.0
YJL112W	4026.0
YPL066W	4027.0
YDR381C-A	4028.0
YDR030C	4029.0
YMR270C	4030.0
YNL164C	4031.0
YGR026W	4032.0
YPL138C	4033.0
YMR070W	4034.0
YMR036C	4035.0
YPL112C	4036.0
YOR343W-B	4037.0
YGR015C	4038.0
YDL233W	4039.0
YGL111W	4040.0
YGL002W	4041.0
YDR159W	4042.0
YIL159W	4043.0
YJL046W	4044.0
YFL050C	4045.0
YKR095W	4046.0
YBR162W-A	4047.0
YNL124W	4048.0
YPL083C	4049.0
YDL120W	4050.0
YKL054C	4051.0
YGR098C	4052.0
YOR236W	4053.0
YJR015W	4054.0
YGR109C	4055.0
YDR200C	4056.0
YOR253W	4057.0
YJR119C	4058.0
YCL048W-A	4059.0
YKL138C-A	4060.0
YDR470C	4061.0
YAL059W	4062.0
YER113C	4063.0
YER051W	4064.0
YOR035C	4065.0
YMR322C	4066.0
YER149C	4067.0
YDR349C	4068.0
YER150W	4069.0
YOR023C	4070.0
YOR188W	4071.0
YPR081C	4072.0
YFR007W	4073.0
YLR461W	4074.0
YBL054W	4075.0
YOR017W	4076.0
YDR318W	4077.0
YOR307C	4078.0
YBR074W	4079.0
YKL206C	4080.0
YOR154W	4081.0
YDR090C	4082.0
YLR121C	4083.0
YGR249W	4084.0
YDR393W	4085.0
YGR104C	4086.0
YPL014W	4087.0
YIR010W	4088.0
YBR007C	4089.0
YKL062W	4090.0
YJR036C	4091.0
YBL063W	4092.0
YLR049C	4093.0
YJR106W	4094.0
YLR426W	4095.0
YGR203W	4096.0
YPR109W	4097.0
YML066C	4098.0
YJR011C	4099.0
YLR286C	4100.0
YLR051C	4101.0
YKL221W	4102.0
YMR124W	4103.0
YJR050W	4104.5
YOR297C	4104.5
YMR122W-A	4106.0
YBR186W	4107.5
YGR273C	4107.5
YDR475C	4109.0
YGL023C	4110.0
YPR049C	4111.0
YPR182W	4112.5
YDR270W	4112.5
YBL088C	4114.0
YGR188C	4115.0
YAR071W	4116.5
YBR022W	4116.5
YDR263C	4118.0
YFR032C	4119.0
YBR268W	4120.0
YDL154W	4121.0
YJL178C	4122.5
YKR016W	4122.5
YML055W	4124.0
YJR078W	4125.0
YDR184C	4126.0
YFL031W	4127.0
YER130C	4128.0
YOR075W	4129.0
YJL048C	4130.0
YHR117W	4131.0
YOL155C	4132.0
YGR198W	4133.0
YMR310C	4134.0
YCR016W	4135.0
YHR097C	4136.0
YDR351W	4137.0
YHR038W	4138.0
YML049C	4139.0
YMR081C	4140.0
YCR090C	4141.0
YBR095C	4142.0
YCR019W	4143.0
YGR197C	4144.0
YNL211C	4145.5
YMR159C	4145.5
YDL092W	4147.0
YIL007C	4148.0
YKL197C	4149.0
YJL079C	4150.0
YGL255W	4151.0
YNL027W	4152.0
YLR131C	4153.0
YOR138C	4154.0
YLR102C	4155.0
YBL095W	4156.0
YCL036W	4157.0
YNR057C	4158.0
YNL086W	4159.0
YDR421W	4160.0
YOR239W	4161.0
YPL089C	4162.0
YOR112W	4163.0
YER054C	4164.0
YOR057W	4165.0
YLR413W	4166.5
YAL015C	4166.5
YNL204C	4168.0
YMR160W	4169.0
YGR093W	4170.0
YMR174C	4171.0
YDL065C	4172.0
YBL029W	4173.0
YGL098W	4174.0
YDR180W	4175.0
YJR142W	4176.0
YDL070W	4177.0
YKR023W	4178.0
YDR162C	4179.0
YMR075W	4180.0
YDR440W	4181.0
YDR383C	4182.0
YIL101C	4183.0
YMR175W	4184.0
YHR196W	4185.0
YML046W	4186.0
YKR013W	4187.0
YIL099W	4188.0
YKL171W	4189.0
YOL108C	4190.0
YKL052C	4191.0
YIL044C	4192.0
YKL042W	4193.0
YFR025C	4194.5
YGR023W	4194.5
YML050W	4196.0
YDR482C	4197.0
YNL128W	4198.0
YGL047W	4199.0
YEL053C	4200.0
YML007W	4201.0
YNL159C	4202.0
YDL030W	4203.0
YNL155W	4204.0
YNL063W	4205.0
YNL282W	4206.0
YBR211C	4207.0
YOR113W	4208.0
YDR371W	4209.0
YFL049W	4210.0
YNL314W	4211.0
YHR210C	4212.0
YLR238W	4213.0
YBR253W	4214.0
YGL092W	4215.0
YLR084C	4216.0
YDR466W	4217.0
YOL047C	4218.0
YIL015W	4219.0
YOR084W	4220.0
YHR105W	4221.0
YJL174W	4222.0
YKL071W	4223.0
YIL135C	4224.0
YJR031C	4225.0
YIL050W	4226.0
YLR154C	4227.0
YAL032C	4228.0
YGR113W	4229.0
YGR081C	4230.0
YOR012W	4231.0
YDR358W	4232.0
YDR195W	4233.0
YER030W	4234.0
YIR001C	4235.0
YML083C	4236.0
YOL125W	4237.0
YBR055C	4238.0
YLR460C	4239.0
YDR043C	4240.0
YGL229C	4241.0
YJR002W	4242.0
YPL139C	4243.0
YGL071W	4244.0
YER124C	4245.0
YOR278W	4246.0
YLL002W	4247.0
YLR190W	4248.0
YDR409W	4249.0
YOL070C	4250.0
YBR230C	4251.0
YIL002W-A	4252.0
YIL112W	4253.0
YHR204W	4254.0
YKL079W	4255.0
YML118W	4256.0
YDR317W	4257.0
YOL007C	4258.0
YBL034C	4259.0
YNL278W	4260.0
YLR394W	4261.0
YOR042W	4262.0
YMR037C	4263.0
YDL098C	4264.0
YOR127W	4265.0
YHL035C	4266.0
YMR234W	4267.0
YJL103C	4268.0
YNL335W	4269.0
YBR157C	4270.0
YGR089W	4271.0
YDL247W	4272.5
YCR069W	4272.5
YER128W	4274.0
YOR315W	4275.0
YPL052W	4276.0
YDL027C	4277.0
YDR473C	4278.0
YOR126C	4279.0
YDR253C	4280.0
YJR154W	4281.0
YKL019W	4282.0
YOL128C	4283.0
YDR422C	4284.0
YBR107C	4285.0
YKL109W	4286.0
YOR147W	4287.0
YPL054W	4288.0
YLR436C	4289.0
YPL007C	4290.0
YLR254C	4291.0
YGL145W	4292.0
YPR121W	4293.0
YER140W	4294.0
YGR268C	4295.0
YLR187W	4296.0
YNL149C	4297.0
YMR232W	4298.0
YCL063W	4299.0
YMR264W	4300.0
YER144C	4301.0
YDR379W	4302.0
YMR052W	4303.0
YGL061C	4304.0
YDR428C	4305.0
YDL186W	4306.0
YOR032C	4307.0
YLR221C	4308.0
YOL013C	4309.0
YIL055C	4310.0
YPR045C	4311.0
YLR176C	4312.0
YPR164W	4313.0
YLR408C	4314.0
YMR187C	4315.0
YCL024W	4316.0
YJL148W	4317.0
YDR026C	4318.0
YMR118C	4319.0
YAL018C	4320.0
YFL013C	4321.5
YKL068W	4321.5
YHR167W	4323.0
YML023C	4324.0
YOL019W	4325.0
YDL020C	4326.0
YJL209W	4327.5
YOR336W	4327.5
YLR318W	4329.0
YER173W	4330.0
YKL154W	4331.0
YPR083W	4332.0
YLR298C	4333.0
YMR274C	4334.0
YDL237W	4335.0
YIL036W	4336.0
YML036W	4337.0
YPR007C	4338.0
YER093C-A	4339.0
YGR189C	4340.0
YMR132C	4341.0
YJR118C	4342.0
YFL021W	4343.0
YFR034C	4344.0
YNR060W	4345.0
YFL042C	4346.0
YOR305W	4347.0
YDR137W	4348.0
YMR244C-A	4349.0
YOR069W	4350.0
YKR006C	4351.0
YGR147C	4352.0
YDR503C	4353.0
YLR356W	4354.0
YIR018W	4355.0
YHR014W	4356.0
YGR006W	4357.0
YFR041C	4358.0
YNL029C	4359.0
YHL009W-B	4360.0
YER011W	4361.0
YAL034W-A	4362.0
YDL035C	4363.0
YHL017W	4364.0
YER096W	4365.0
YKR064W	4366.0
YGR177C	4367.0
YCR052W	4368.0
YPL229W	4369.0
YKR044W	4370.0
YGR084C	4371.0
YOR208W	4372.0
YOR008C	4373.0
YNL042W	4374.0
YJL051W	4375.0
YBR271W	4376.0
YPL180W	4377.0
YCR071C	4378.0
YMR044W	4379.0
YBL006C	4380.5
YDR126W	4380.5
YOR381W	4382.0
YOL144W	4383.0
YOR287C	4384.0
YKR054C	4385.0
YFL054C	4386.0
YGL226C-A	4387.0
YLR095C	4388.0
YLR368W	4389.0
YKL122C	4390.0
YDR313C	4391.0
YPL005W	4392.0
YGR251W	4393.0
YNL225C	4394.0
YNL162W-A	4395.0
YER092W	4396.0
YNL249C	4397.0
YML031W	4398.0
YJL054W	4399.0
YGR062C	4400.0
YLR309C	4401.0
YNL167C	4402.0
YHR209W	4403.0
YDR198C	4404.0
YLR330W	4405.0
YBR138C	4406.0
YHR059W	4407.5
YNR027W	4407.5
YML038C	4409.0
YDR295C	4410.0
YPR122W	4411.5
YLR094C	4411.5
YGL131C	4413.0
YNL118C	4414.0
YEL018W	4415.0
YBR264C	4416.0
YBR276C	4417.0
YJR108W	4418.0
YHR136C	4419.0
YGL250W	4420.0
YMR233W	4421.0
YLR281C	4422.0
YMR258C	4423.0
YGR031W	4424.0
YBR044C	4425.0
YMR095C	4426.0
YMR259C	4427.0
YLR080W	4428.0
YGL096W	4429.0
YKL185W	4430.0
YOR058C	4431.0
YGR079W	4432.0
YOR026W	4433.0
YBR216C	4434.0
YHR192W	4435.0
YDL112W	4436.0
YAL056W	4437.0
YDR490C	4438.0
YNL234W	4439.0
YDR151C	4440.0
YBR163W	4441.0
YPR188C	4442.0
YJL083W	4443.0
YPL015C	4444.5
YHR197W	4444.5
YOL053W	4446.0
YIR025W	4447.0
YNR074C	4448.0
YAL029C	4449.0
YDR130C	4450.0
YJL076W	4451.0
YPL208W	4452.0
YPR018W	4453.0
YGL243W	4454.0
YOL054W	4455.0
YDR288W	4456.0
YGL212W	4457.0
YBR273C	4458.0
YJL066C	4459.5
YOR233W	4459.5
YNL279W	4461.0
YJL019W	4462.0
YPR106W	4463.0
YBR065C	4464.0
YNR004W	4465.0
YKL208W	4466.0
YOL117W	4467.0
YMR123W	4468.0
YHR191C	4469.0
YKR075C	4470.0
YPR068C	4471.0
YBR141C	4472.0
YDR459C	4473.0
YKR011C	4474.0
YOR220W	4475.0
YKL119C	4476.0
YNR051C	4477.0
YJR122W	4478.0
YLR199C	4479.0
YMR156C	4480.0
YLR183C	4481.0
YJR160C	4482.0
YKL092C	4483.0
YBR150C	4484.0
YCR066W	4485.0
YKR029C	4486.0
YGR169C	4487.0
YAL002W	4488.0
YFR018C	4489.0
YGL063W	4490.0
YOR275C	4491.0
YML103C	4492.0
YLR316C	4493.0
YDR251W	4494.0
YHR036W	4495.0
YOR238W	4496.0
YNL051W	4497.0
YOR384W	4498.0
YIR039C	4499.0
YNR023W	4500.0
YGR122W	4501.0
YDR197W	4502.0
YHR133C	4503.0
YNL058C	4504.0
YKL043W	4505.0
YPL046C	4506.0
YKL204W	4507.0
YKL063C	4508.0
YNL233W	4509.0
YDR144C	4510.0
YLR073C	4511.0
YJR080C	4512.0
YFL020C	4513.0
YBL031W	4514.0
YHR034C	4515.0
YDR530C	4516.0
YBR030W	4517.0
YDR103W	4518.0
YML005W	4519.0
YOR298W	4520.5
YOR156C	4520.5
YDR363W	4522.0
YPR133W-A	4523.0
YPL121C	4524.0
YJL131C	4525.0
YFL029C	4526.0
YPL017C	4527.0
YER120W	4528.5
YJL056C	4528.5
YNL020C	4530.0
YPL161C	4531.0
YOR178C	4532.0
YOR258W	4533.0
YOR114W	4534.0
YHR176W	4535.0
YMR138W	4536.0
YNL309W	4537.0
YOR324C	4538.0
YCR060W	4539.0
YMR268C	4540.0
YFR033C	4541.0
YDL058W	4542.0
YOR301W	4543.0
YPR199C	4544.0
YJR094C	4545.0
YMR172W	4546.0
YEL017W	4547.0
YKR083C	4548.0
YMR213W	4549.0
YCR026C	4550.0
YOR242C	4551.0
YBR130C	4552.0
YLR007W	4553.0
YPL162C	4554.0
YDL114W	4555.0
YDR240C	4556.0
YOR320C	4557.0
YCL001W-B	4558.0
YER147C	4559.0
YOL091W	4560.0
YPL249C	4561.0
YML109W	4562.0
YOR354C	4563.0
YNR040W	4564.0
YDR464W	4565.0
YIL079C	4566.0
YPL105C	4567.0
YMR179W	4568.0
YER001W	4569.0
YBR156C	4570.0
YOL031C	4571.0
YCL061C	4572.0
YGL113W	4573.0
YCR020C-A	4574.0
YDR309C	4575.0
YBR083W	4576.0
YIR032C	4577.0
YBR284W	4578.0
YNL038W	4579.0
YOR373W	4580.0
YPR201W	4581.0
YAL027W	4582.0
YLR424W	4583.0
YAL044W-A	4584.0
YOR037W	4585.0
YDR205W	4586.0
YHR149C	4587.0
YPL267W	4588.5
YLR039C	4588.5
YER041W	4590.0
YNL300W	4591.0
YOR140W	4592.0
YJL038C	4593.0
YJL061W	4594.0
YPR139C	4595.0
YLR165C	4596.0
YCL002C	4597.0
YMR269W	4598.0
YNL322C	4599.0
YIL031W	4600.0
YBR204C	4601.0
YHL038C	4602.0
YOR177C	4603.0
YDR494W	4604.0
YBR297W	4605.0
YLR404W	4606.0
YGR133W	4607.0
YPL158C	4608.0
YNR045W	4609.0
YGR278W	4610.0
YIL169C	4611.0
YOR342C	4612.0
YKR007W	4613.0
YGR091W	4614.0
YMR204C	4615.0
YDR282C	4616.0
YOL076W	4617.0
YLR090W	4618.0
YML062C	4619.0
YOL101C	4620.0
YPR200C	4621.0
YGR193C	4622.0
YLR108C	4623.0
YLR211C	4624.0
YOR172W	4625.0
YGL179C	4626.0
YER077C	4627.0
YPL202C	4628.0
YCL027W	4629.0
YKL195W	4630.0
YGR236C	4631.0
YHR080C	4632.0
YMR240C	4633.0
YOR073W	4634.0
YDL057W	4635.0
YBL074C	4636.0
YBR201W	4637.0
YKR063C	4638.0
YOR365C	4639.0
YPL099C	4640.0
YOL048C	4641.0
YEL066W	4642.0
YLR016C	4643.0
YHR140W	4644.0
YPR095C	4645.0
YMR014W	4646.0
YDR512C	4647.0
YJL157C	4648.0
YNL230C	4649.0
YNL144C	4650.0
YHL027W	4651.0
YBL014C	4652.0
YGR196C	4653.0
YDR485C	4654.0
YJL078C	4655.0
YNL100W	4656.0
YPL164C	4657.0
YOR249C	4658.5
YLR119W	4658.5
YML019W	4660.0
YPL039W	4661.0
YGR238C	4662.0
YGL162W	4663.0
YLL007C	4664.0
YHL018W	4665.0
YKL011C	4666.0
YHL022C	4667.0
YMR262W	4668.0
YPR115W	4669.0
YJL073W	4670.0
YIR015W	4671.0
YGL005C	4672.0
YAR014C	4673.0
YJL105W	4674.0
YLR267W	4675.0
YKL161C	4676.0
YNL215W	4677.0
YLR031W	4678.0
YBR014C	4679.0
YOL110W	4680.0
YDL109C	4681.0
YLR001C	4682.0
YBL009W	4683.0
YML034W	4684.0
YDL076C	4685.0
YBR070C	4686.0
YNL103W	4687.0
YCL045C	4688.0
YDL179W	4689.0
YKL005C	4690.0
YOR064C	4691.0
YPL269W	4692.0
YML013W	4693.0
YJL090C	4694.0
YKL132C	4695.5
YKR045C	4695.5
YPL191C	4697.0
YDR501W	4698.0
YKL214C	4699.0
YGL158W	4700.0
YJL089W	4701.0
YDR498C	4702.0
YDL206W	4703.0
YGL025C	4704.0
YBL046W	4705.0
YJR134C	4706.0
YNR010W	4707.0
YJL176C	4708.0
YOR019W	4709.0
YDR528W	4710.0
YER063W	4711.0
YGR117C	4712.0
YBL052C	4713.5
YDR416W	4713.5
YOR134W	4715.0
YDL107W	4716.0
YJL099W	4717.0
YGL142C	4718.0
YCR003W	4719.5
YDR056C	4719.5
YDL088C	4721.0
YBL082C	4722.0
YBR071W	4723.0
YDR207C	4724.0
YKR077W	4725.0
YER033C	4726.0
YFR005C	4727.0
YML029W	4728.0
YAL028W	4729.0
YLR376C	4730.0
YNL245C	4731.0
YHR116W	4732.0
YDR411C	4733.0
YKR058W	4734.0
YPL255W	4735.0
YDR147W	4736.0
YIL077C	4737.0
YER064C	4738.0
YOR391C	4739.0
YKL048C	4740.0
YGL060W	4741.0
YGR179C	4742.0
YOR077W	4743.5
YOR028C	4743.5
YPL033C	4745.0
YGL134W	4746.0
YDR257C	4747.0
YER137C	4748.0
YMR312W	4749.0
YGL228W	4750.0
YLL005C	4751.0
YMR119W	4752.0
YLR297W	4753.0
YML068W	4754.0
YPR017C	4755.0
YJL013C	4756.0
YIL005W	4757.0
YLR445W	4758.0
YPL253C	4759.0
YBR223C	4760.5
YGR109W-B	4760.5
YNL258C	4762.5
YBR215W	4762.5
YGL089C	4764.0
YJR083C	4765.0
YNR065C	4766.0
YGR075C	4767.0
YDR259C	4768.0
YNL214W	4769.5
YKL093W	4769.5
YGL170C	4771.0
YOR020W-A	4772.0
YDR414C	4773.0
YER185W	4774.0
YDR138W	4775.0
YOR313C	4776.0
YKL098W	4777.0
YCL014W	4778.0
YPL280W	4779.0
YPR174C	4780.0
YDR073W	4781.0
YDL139C	4782.0
YHR189W	4783.0
YLR307C-A	4784.0
YMR066W	4785.0
YDR314C	4786.0
YIL040W	4787.0
YDL053C	4788.0
YLL051C	4789.0
YKL096W	4790.0
YGR150C	4791.0
YNL193W	4792.0
YMR176W	4793.5
YMR137C	4793.5
YLR082C	4795.5
YDR524C	4795.5
YDL200C	4797.0
YAL014C	4798.0
YPL248C	4799.0
YJR092W	4800.0
YJL137C	4801.0
YMR218C	4802.0
YML114C	4803.0
YPL166W	4804.0
YML043C	4805.5
YHR061C	4805.5
YMR185W	4807.0
YMR289W	4808.0
YOL086W-A	4809.0
YJL044C	4810.0
YPR152C	4811.0
YDR356W	4812.0
YGL263W	4813.0
YBR131W	4814.0
YMR299C	4815.0
YBR098W	4816.0
YKL047W	4817.0
YBR076W	4818.0
YFR042W	4819.0
YER105C	4820.0
YLR287C	4821.0
YHR015W	4822.0
YJR129C	4823.0
YDR451C	4824.0
YDR320C	4825.0
YHR006W	4826.0
YBR182C	4827.0
YDL010W	4828.0
YGR129W	4829.0
YJL132W	4830.0
YDR286C	4831.0
YGL160W	4832.0
YBR058C-A	4833.0
YPL130W	4834.0
YIL146C	4835.0
YFR049W	4836.0
YCR033W	4837.0
YJR099W	4838.0
YGL175C	4839.0
YGR154C	4840.0
YDR018C	4841.0
YMR144W	4842.0
YNL019C	4843.0
YCL051W	4844.0
YJL185C	4845.0
YJL210W	4846.0
YPL049C	4847.0
YNL033W	4848.0
YLR335W	4849.0
YBL010C	4850.0
YDR221W	4851.0
YLR431C	4852.0
YAL055W	4853.0
YDL169C	4854.0
YGR080W	4855.0
YNR069C	4856.0
YKR090W	4857.0
YKL162C	4858.0
YJR010C-A	4859.0
YLR035C	4860.0
YKL055C	4861.0
YPL177C	4862.0
YDL214C	4863.0
YMR273C	4864.0
YOR060C	4865.0
YNL053W	4866.0
YOR083W	4867.0
YCR032W	4868.5
YDR239C	4868.5
YGL153W	4870.0
YDR068W	4871.0
YML113W	4872.0
YDR262W	4873.0
YJR041C	4874.5
YHR081W	4874.5
YDR279W	4876.0
YGL020C	4877.0
YPL034W	4878.0
YLR137W	4879.0
YMR073C	4880.0
YMR065W	4881.0
YCL058W-A	4882.0
YMR184W	4883.0
YOR144C	4884.0
YGR146C	4885.0
YKR104W	4886.0
YNL074C	4887.0
YGR131W	4888.0
YKR106W	4889.0
YOR066W	4890.0
YIR014W	4891.0
YGL128C	4892.0
YDL073W	4893.0
YHR060W	4894.0
YDR219C	4895.0
YGL004C	4896.0
YGL257C	4897.0
YDR260C	4898.0
YMR282C	4899.0
YPR009W	4900.5
YBL043W	4900.5
YDR336W	4902.0
YER032W	4903.0
YHL009C	4904.0
YKL068W-A	4905.0
YHR017W	4906.0
YBL060W	4907.0
YIL115C	4908.0
YOR385W	4909.0
YDR275W	4910.0
YLL032C	4911.0
YMR042W	4912.5
YBR128C	4912.5
YOR166C	4914.0
YJL205C	4915.0
YDR179W-A	4916.0
YDR285W	4917.0
YJL047C	4918.0
YDR446W	4919.0
YBL081W	4920.0
YML047C	4921.0
YJL065C	4922.0
YGL146C	4923.0
YKR019C	4924.0
YCR014C	4925.0
YLR021W	4926.0
YGR206W	4927.0
YIL014W	4928.0
YNL133C	4929.0
YIL132C	4930.0
YGR003W	4931.0
YKL159C	4932.0
YDR495C	4933.0
YLL014W	4934.0
YGL036W	4935.0
YLR057W	4936.0
YGL247W	4937.0
YML071C	4938.0
YLR353W	4939.0
YLL033W	4940.0
YKR004C	4941.0
YDR458C	4942.0
YDR217C	4943.0
YDR131C	4944.0
YMR060C	4945.0
YLR079W	4946.0
YKR085C	4947.0
YLR360W	4948.0
YBL107C	4949.0
YKR036C	4950.0
YKL033W	4951.0
YDR065W	4952.0
YNL213C	4953.0
YIL023C	4954.0
YMR153W	4955.0
YKR020W	4956.0
YBR275C	4957.0
YMR017W	4958.0
YOL088C	4959.0
YJL110C	4960.0
YJL049W	4961.0
YGL032C	4962.0
YGR142W	4963.0
YMR030W	4964.0
YPL085W	4965.0
YER190W	4966.0
YIL122W	4967.0
YLR320W	4968.0
YIL177C	4969.0
YLR135W	4970.0
YMR114C	4971.0
YAL047C	4972.0
YMR157C	4973.5
YDR057W	4973.5
YNL260C	4975.0
YOR097C	4976.0
YOL028C	4977.0
YDR350C	4978.0
YDR022C	4979.0
YLR227C	4980.0
YOR228C	4981.0
YLR466W	4982.0
YDR319C	4983.0
YOR009W	4984.0
YHL025W	4985.0
YBL111C	4986.0
YJR003C	4987.0
YCL008C	4988.0
YGL138C	4989.0
YLR329W	4990.0
YLR393W	4991.0
YGR053C	4992.0
YHR218W	4993.0
YDR113C	4994.0
YKL108W	4995.0
YDL204W	4996.0
YBR086C	4997.0
YMR247C	4998.0
YKL224C	4999.0
YLR139C	5000.0
YDL142C	5001.0
YIR041W	5002.0
YLR323C	5003.0
YEL001C	5004.0
YDR181C	5005.0
YGR296W	5006.5
YOR195W	5006.5
YNL176C	5008.0
YLL036C	5009.0
YOR034C	5010.0
YNL339C	5011.0
YLR440C	5012.0
YIL098C	5013.5
YDR150W	5013.5
YIR013C	5015.5
YFL023W	5015.5
YCR106W	5017.5
YCR076C	5017.5
YCR038C	5019.0
YOR213C	5020.0
YGR106C	5021.0
YLL021W	5022.0
YPL159C	5023.0
YIR024C	5024.0
YER158C	5025.0
YMR209C	5026.0
YOR162C	5027.0
YGR235C	5028.0
YLR173W	5029.0
YMR025W	5030.0
YHR126C	5031.0
YPL156C	5032.0
YGR072W	5033.0
YGR013W	5034.0
YHR146W	5035.0
YJL113W	5036.0
YBR045C	5037.5
YER184C	5037.5
YKL014C	5039.0
YGR099W	5040.0
YOR080W	5041.0
YOR266W	5042.0
YLR091W	5043.0
YBR168W	5044.0
YLR099W-A	5045.0
YFR008W	5046.5
YOR078W	5046.5
YGL159W	5048.0
YLR412W	5049.0
YOR129C	5050.0
YOR396W	5052.0
YDR545W	5052.0
YLR467W	5052.0
YOR338W	5054.0
YMR154C	5055.0
YJR097W	5056.0
YNR009W	5057.0
YGL254W	5058.0
YGR283C	5059.0
YLR381W	5060.0
YJL161W	5061.0
YHR101C	5062.0
YDL239C	5063.0
YMR255W	5064.0
YEL077C	5065.0
YNL050C	5066.0
YHR071W	5067.0
YNR022C	5068.0
YPL071C	5069.0
YIL117C	5070.0
YMR206W	5071.0
YMR048W	5072.0
YDL129W	5073.0
YDL180W	5074.0
YGL226W	5075.0
YMR182C	5076.0
YBR278W	5077.0
YGR275W	5078.0
YGR042W	5079.0
YIL158W	5080.0
YGR016W	5081.0
YAL008W	5082.0
YMR094W	5083.0
YMR016C	5084.0
YOR216C	5085.0
YMR164C	5086.0
YMR192W	5087.0
YHR154W	5088.0
YBR272C	5089.0
YPL193W	5090.0
YJR021C	5091.0
YOL111C	5092.0
YKR091W	5093.0
YDR370C	5094.0
YLL060C	5095.0
YHR067W	5096.0
YJL023C	5097.0
YDR265W	5098.0
YNL327W	5099.0
YCR082W	5100.0
YMR163C	5101.0
YBR119W	5102.0
YEL057C	5103.0
YFL027C	5104.0
YOR030W	5105.0
YPR093C	5106.0
YNR059W	5107.0
YDL220C	5108.0
YGR153W	5109.0
YMR316W	5110.0
YEL004W	5111.0
YHR159W	5112.0
YGL237C	5113.0
YCL066W	5114.0
YLL003W	5115.0
YJL020C	5116.0
YOL105C	5117.0
YMR257C	5118.0
YIL009C-A	5119.0
YMR281W	5120.0
YLR263W	5121.0
YER116C	5122.0
YGR067C	5123.0
YHR022C	5124.0
YBR066C	5125.0
YGR166W	5126.0
YDR123C	5127.0
YOR189W	5128.0
YOR264W	5129.0
YGL174W	5130.0
YNR028W	5131.0
YAL058W	5132.0
YOL036W	5133.0
YHR195W	5134.0
YDL099W	5135.0
YLR181C	5136.0
YLL056C	5137.0
YCR015C	5138.0
YDL044C	5139.0
YLR018C	5140.0
YBR258C	5141.0
YMR067C	5142.0
YOR255W	5143.0
YGL223C	5144.0
YOL152W	5145.0
YPL149W	5146.0
YCR020W-B	5147.0
YIL071C	5148.5
YER088C	5148.5
YDR478W	5150.0
YDR206W	5151.0
YDR488C	5152.0
YKR078W	5153.0
YLL042C	5154.0
YLR011W	5155.0
YKR103W	5156.0
YLL046C	5157.0
YDR307W	5158.0
YDR143C	5159.0
YLR273C	5160.0
YPL003W	5161.0
YJL162C	5162.0
YCR104W	5163.0
YAR002W	5164.5
YPL144W	5164.5
YKL074C	5166.0
YBL059W	5167.0
YDR179C	5168.0
YMR059W	5169.0
YGL222C	5170.0
YMR294W	5171.0
YDL189W	5172.0
YPR013C	5173.0
YBR005W	5174.0
YOL164W	5175.0
YNL254C	5176.0
YGR044C	5177.0
YNR062C	5178.0
YNL187W	5179.0
YHL012W	5180.0
YHR156C	5181.0
YOR062C	5182.0
YHR177W	5183.0
YMR149W	5184.0
YGR030C	5185.0
YHR138C	5186.0
YFR039C	5187.0
YCL073C	5188.0
YAL020C	5189.0
YIL063C	5190.0
YMR069W	5191.0
YPL283C	5192.0
YLR361C-A	5193.0
YPL064C	5194.0
YPL201C	5195.0
YMR013C	5196.0
YLR266C	5197.0
YDR249C	5198.0
YLR332W	5199.0
YGL108C	5200.0
YGR212W	5201.0
YGL093W	5202.0
YNL283C	5203.0
YOR148C	5204.0
YML119W	5205.0
YER007W	5206.0
YBR165W	5207.0
YJL114W	5208.0
YKL222C	5209.0
YGL126W	5210.0
YBR172C	5211.0
YNL078W	5212.0
YPR085C	5213.0
YOR349W	5214.0
YLR179C	5215.0
YOR295W	5216.0
YPR171W	5217.0
YPR046W	5218.0
YER038C	5219.0
YDL089W	5220.0
YKL090W	5221.0
YBR194W	5222.5
YPL027W	5222.5
YER035W	5224.0
YNL148C	5225.0
YDR532C	5226.0
YOL159C	5227.0
YNL008C	5228.0
YDR163W	5229.0
YCR040W	5230.0
YOR214C	5231.0
YLR271W	5232.0
YNL136W	5233.0
YER109C	5234.0
YGR222W	5235.0
YLL054C	5236.0
YPR078C	5237.0
YMR098C	5238.0
YDR469W	5239.0
YER045C	5240.0
YJL037W	5241.5
YPL055C	5241.5
YJR030C	5243.0
YFR043C	5244.0
YGR102C	5245.0
YEL005C	5246.0
YBR262C	5247.0
YPL230W	5248.0
YNL196C	5249.0
YJR012C	5250.0
YNL166C	5251.0
YPL148C	5252.0
YOR076C	5253.0
YPL241C	5254.0
YDR438W	5255.0
YDR276C	5256.0
YMR191W	5257.0
YMR136W	5258.0
YKR049C	5259.0
YOR308C	5260.0
YDR085C	5261.0
YPR057W	5262.0
YMR086W	5263.0
YOL131W	5264.0
YOL025W	5265.0
YLR442C	5266.0
YHR182W	5267.0
YEL016C	5268.0
YGL166W	5269.0
YEL072W	5270.0
YOR107W	5271.0
YKR102W	5272.0
YHR152W	5273.0
YPL018W	5274.0
YOR179C	5275.0
YHR056C	5276.0
YHR109W	5277.0
YLL022C	5278.0
YNL286W	5279.0
YCL049C	5280.0
YDR118W	5281.0
YLR385C	5282.0
YOL017W	5283.0
YJR136C	5284.0
YJL043W	5285.0
YER104W	5286.0
YPR193C	5287.0
YGR071C	5288.0
YHR035W	5289.0
YMR265C	5290.0
YIL152W	5291.0
YLR042C	5292.0
YER180C	5293.0
YCL005W	5294.0
YMR198W	5295.0
YDR119W	5296.0
YDR369C	5297.0
YGR041W	5298.0
YHR157W	5299.0
YDR124W	5300.0
YJR150C	5301.0
YLR141W	5302.0
YLR337C	5303.0
YGL154C	5304.0
YER018C	5305.0
YDL223C	5306.0
YGL057C	5307.0
YIL113W	5308.0
YOL082W	5309.0
YDR315C	5310.0
YFR016C	5311.0
YIR021W	5312.0
YDR082W	5313.0
YER187W	5314.0
YGL081W	5315.0
YPL072W	5316.0
YLR219W	5317.0
YBL013W	5318.0
YGR239C	5319.0
YMR026C	5320.0
YER071C	5321.0
YLR128W	5322.0
YLR050C	5323.0
YLR312C	5324.0
YDR192C	5325.0
YOR247W	5326.0
YOR350C	5327.0
YMR029C	5328.0
YKL133C	5329.0
YGL075C	5330.0
YNL210W	5331.0
YJL203W	5332.0
YNL138W-A	5333.0
YBR295W	5334.0
YNR068C	5335.0
YJL225C	5336.0
YJR039W	5337.0
YKL050C	5338.0
YJR115W	5339.0
YOR149C	5340.0
YDL069C	5341.0
YKR022C	5342.0
YML037C	5343.0
YGL090W	5344.0
YER034W	5345.0
YPR116W	5346.0
YDR014W	5347.0
YAL037W	5348.0
YHR153C	5349.0
YOL029C	5350.0
YPL250C	5351.0
YLR040C	5352.0
YLR132C	5353.0
YBR197C	5354.0
YDR439W	5355.0
YIR019C	5356.0
YKR041W	5357.0
YOL104C	5358.0
YDR423C	5359.0
YOL083W	5360.0
YDR223W	5361.0
YPL216W	5362.0
YMR018W	5363.0
YPL186C	5364.0
YJR004C	5365.0
YFR046C	5366.0
YGL259W	5367.0
YNR066C	5368.0
YLL066C	5369.0
YNR063W	5370.0
YPL068C	5371.0
YFR012W	5372.0
YDL005C	5373.0
YER153C	5374.0
YBR050C	5375.0
YGL117W	5376.0
YOR098C	5377.0
YML053C	5378.0
YKR010C	5379.0
YIR003W	5380.0
YKR101W	5381.0
YJL147C	5382.0
YDL160C-A	5383.5
YPL200W	5383.5
YOR394W	5385.5
YPL282C	5385.5
YDR480W	5387.0
YHR083W	5388.0
YAR050W	5389.0
YBR259W	5390.0
YPL067C	5391.0
YPR101W	5392.0
YKR092C	5393.0
YPL041C	5394.0
YMR195W	5395.0
YKL105C	5396.0
YOR044W	5397.5
YOL162W	5397.5
YBR033W	5399.0
YJR089W	5400.0
YKR015C	5401.0
YFL051C	5402.0
YDR273W	5403.0
YPL163C	5404.5
YNL195C	5404.5
YIL149C	5406.0
YGL015C	5407.0
YNL173C	5408.0
YGR230W	5409.0
YDR506C	5410.0
YMR064W	5411.0
YBL091C-A	5412.0
YLR313C	5413.0
YGL249W	5414.0
YPR005C	5415.0
YML107C	5416.0
YLR233C	5417.0
YOL014W	5418.0
YHL028W	5419.0
YGL176C	5420.0
YLR194C	5421.0
YER106W	5422.0
YPL174C	5423.0
YBR285W	5424.0
YIR016W	5425.0
YJR147W	5426.0
YPR158W	5427.0
YNR061C	5428.0
YGR035C	5429.0
YMR133W	5430.0
YDL037C	5431.0
YDR106W	5432.0
YER076C	5433.0
YJL170C	5434.0
YER044C-A	5435.0
YLR145W	5436.0
YJL107C	5437.0
YLR315W	5438.0
YNL034W	5439.0
YLR046C	5440.0
YPL168W	5441.0
YLR453C	5442.0
YDL211C	5443.0
YKR005C	5444.0
YGR077C	5445.0
YMR063W	5446.0
YCL056C	5447.0
YMR219W	5448.0
YNL158W	5449.0
YDR066C	5450.0
YPR134W	5451.0
YNL018C	5452.0
YLR030W	5453.0
YBR152W	5454.0
YBR108W	5455.0
YDR014W-A	5456.0
YLR265C	5457.0
YPL192C	5458.0
YKL023W	5459.0
YJR141W	5460.0
YDR227W	5461.0
YJL181W	5462.0
YMR147W	5463.0
YGR221C	5464.0
YJL222W	5465.0
YBR148W	5466.0
YHR143W	5467.0
YOL015W	5468.0
YAR028W	5469.0
YGR295C	5470.0
YDR515W	5471.0
YKL018C-A	5472.0
YGL262W	5473.0
YOL163W	5474.0
YJR135C	5475.0
YIL037C	5476.0
YAL063C	5477.0
YDR534C	5478.0
YMR003W	5479.0
YNR024W	5480.0
YNL188W	5481.0
YPR015C	5482.0
YEL025C	5483.0
YML101C	5484.0
YHR160C	5485.0
YOL044W	5486.0
YHL006C	5487.0
YEL073C	5488.0
YOR193W	5489.0
YBR184W	5490.0
YCR067C	5491.0
YLR341W	5492.0
YIL161W	5493.0
YLR053C	5494.0
YGR168C	5495.0
YCR007C	5496.0
YOR284W	5497.0
YFL012W	5498.0
YHR211W	5499.0
YIL014C-A	5500.0
YMR180C	5501.0
YBR188C	5502.0
YGR014W	5503.0
YER028C	5504.0
YLL049W	5505.0
YML003W	5507.0
YAR023C	5507.0
YOR186W	5507.0
YJR151C	5509.0
YIL089W	5510.0
YDL197C	5511.0
YAR027W	5512.0
YER085C	5513.0
YDR281C	5514.0
YIL092W	5515.0
YER115C	5516.5
YCL021W-A	5516.5
YCR089W	5518.0
YDR420W	5519.0
YNR044W	5520.0
YMR317W	5521.0
YNR075W	5522.0
YBR063C	5523.0
YDR461C-A	5524.0
YOL024W	5525.0
YPL047W	5526.0
YPL257W	5527.0
YLR125W	5528.0
YBR013C	5529.0
YAR031W	5530.0
YMR194C-B	5531.5
YHL043W	5531.5
YNL336W	5533.0
YPR202W	5534.0
YDL039C	5535.0
YGL051W	5536.0
YHL044W	5537.0
YIL102C	5538.0
YER121W	5539.0
